-- MySQL dump 10.13  Distrib 8.0.29, for Win64 (x86_64)
--
-- Host: 127.0.0.1    Database: tabibito
-- ------------------------------------------------------
-- Server version	8.0.29

/*!40101 SET @OLD_CHARACTER_SET_CLIENT=@@CHARACTER_SET_CLIENT */;
/*!40101 SET @OLD_CHARACTER_SET_RESULTS=@@CHARACTER_SET_RESULTS */;
/*!40101 SET @OLD_COLLATION_CONNECTION=@@COLLATION_CONNECTION */;
/*!50503 SET NAMES utf8mb4 */;
/*!40103 SET @OLD_TIME_ZONE=@@TIME_ZONE */;
/*!40103 SET TIME_ZONE='+00:00' */;
/*!40014 SET @OLD_UNIQUE_CHECKS=@@UNIQUE_CHECKS, UNIQUE_CHECKS=0 */;
/*!40014 SET @OLD_FOREIGN_KEY_CHECKS=@@FOREIGN_KEY_CHECKS, FOREIGN_KEY_CHECKS=0 */;
/*!40101 SET @OLD_SQL_MODE=@@SQL_MODE, SQL_MODE='NO_AUTO_VALUE_ON_ZERO' */;
/*!40111 SET @OLD_SQL_NOTES=@@SQL_NOTES, SQL_NOTES=0 */;

--
-- Table structure for table `alembic_version`
--

DROP TABLE IF EXISTS `alembic_version`;
/*!40101 SET @saved_cs_client     = @@character_set_client */;
/*!50503 SET character_set_client = utf8mb4 */;
CREATE TABLE `alembic_version` (
  `version_num` varchar(32) NOT NULL,
  PRIMARY KEY (`version_num`)
) ENGINE=InnoDB DEFAULT CHARSET=utf8mb4 COLLATE=utf8mb4_0900_ai_ci;
/*!40101 SET character_set_client = @saved_cs_client */;

--
-- Dumping data for table `alembic_version`
--

LOCK TABLES `alembic_version` WRITE;
/*!40000 ALTER TABLE `alembic_version` DISABLE KEYS */;
INSERT INTO `alembic_version` VALUES ('a0ee0b58ed65');
/*!40000 ALTER TABLE `alembic_version` ENABLE KEYS */;
UNLOCK TABLES;

--
-- Table structure for table `comment`
--

DROP TABLE IF EXISTS `comment`;
/*!40101 SET @saved_cs_client     = @@character_set_client */;
/*!50503 SET character_set_client = utf8mb4 */;
CREATE TABLE `comment` (
  `id` int NOT NULL AUTO_INCREMENT,
  `datetime` datetime NOT NULL,
  `des` text NOT NULL,
  `like_num` int DEFAULT NULL,
  `product_id` int DEFAULT NULL,
  `user_id` int DEFAULT NULL,
  `location_grade` float NOT NULL,
  `staff_grade` float NOT NULL,
  `cleanliness_grade` float NOT NULL,
  `value_for_money_grade` float NOT NULL,
  `comfort_grade` float NOT NULL,
  `facilities_grade` float NOT NULL,
  `free_wifi_grade` float NOT NULL,
  `title` text NOT NULL,
  PRIMARY KEY (`id`),
  KEY `product_id` (`product_id`),
  KEY `user_id` (`user_id`),
  CONSTRAINT `comment_ibfk_1` FOREIGN KEY (`product_id`) REFERENCES `product` (`id`) ON DELETE CASCADE ON UPDATE CASCADE,
  CONSTRAINT `comment_ibfk_2` FOREIGN KEY (`user_id`) REFERENCES `user` (`user_id`) ON DELETE CASCADE ON UPDATE CASCADE
) ENGINE=InnoDB AUTO_INCREMENT=101 DEFAULT CHARSET=utf8mb4 COLLATE=utf8mb4_0900_ai_ci;
/*!40101 SET character_set_client = @saved_cs_client */;

--
-- Dumping data for table `comment`
--

LOCK TABLES `comment` WRITE;
/*!40000 ALTER TABLE `comment` DISABLE KEYS */;
INSERT INTO `comment` VALUES (1,'2023-04-09 19:46:03','It is comprehensive and affordable, offering a rich variety of attractions and activities that allowed me to fully appreciate the history and culture of Xi\'an. The package also provided comfortable accommodation and various convenient facilities, enabling me to relax and unwind. Throughout the journey, the tour guide was very professional and friendly, providing us with many useful suggestions and assistance. Overall, this travel package was a memorable experience, and I highly recommend it to other travelers.',3,15,2,4,4,4,4,4,4,4,'I am very satisfied with this travel package. '),(2,'2023-04-14 17:01:53','The hotel is in a great location, but the rooms are a bit outdated and could use some renovations. The staff was friendly, but the free WiFi was really slow.',0,9,3,4,5,4,3,3,5,2,'Great location, average hotel'),(3,'2023-04-14 17:02:03','I was really disappointed with my stay at this hotel. The room was dirty and smelled bad, and the staff was not very helpful. The location was okay, but not worth the price.',0,9,2,3,4,4,2,2,3,1,'Disappointing stay'),(4,'2023-04-14 17:02:11','I had an amazing stay at this hotel! The room was clean and comfortable, and the staff was friendly and helpful. The location is perfect for exploring the city. I highly recommend this hotel!',0,9,4,5,5,5,4,4,5,4,'Amazing stay!'),(5,'2023-04-14 17:02:20','This hotel is a good value for the price. The location is convenient and the staff is friendly. The room was a bit outdated, but clean and comfortable.',0,9,3,4,4,4,3,3,4,2,'Good value for the price'),(6,'2023-04-14 17:04:15','I loved staying here. The location was amazing and the staff were so helpful. Highly recommend!',0,9,2,4,5,4,5,4,5,4,'Great location!'),(7,'2023-04-14 17:04:25','The hotel was very clean and the room was comfortable. I enjoyed my stay and would recommend to others.',0,9,3,4,4,5,4,4,4,4,'Clean and comfortable'),(8,'2023-04-14 17:04:33','This hotel was amazing! The staff were so friendly and helpful, and the facilities were great. I would definitely stay here again.',0,9,4,5,5,5,5,5,5,5,'Amazing hotel'),(9,'2023-04-14 17:12:51','My family and I stayed here during our trip to Beijing, and we absolutely loved the views of the Forbidden City from our hotel room. The hotel staff was very accommodating and helped us navigate the city. The room was comfortable and clean, and we appreciated the free wifi. Would highly recommend!',0,11,3,3,4,5,4,3,3,3,'Amazing views of the Forbidden City'),(10,'2023-04-14 17:13:01','I stayed at this hotel for a business trip and was very impressed with the location and comfort of the room. The staff was very friendly and helpful, and the facilities were well-maintained. The wifi was fast and reliable, which was important for my work. Overall, a great stay!',0,11,2,4,5,5,3,4,4,4,'Comfortable stay in the heart of Beijing'),(11,'2023-04-14 17:13:11','If you\'re visiting Beijing to see the sights, this hotel is in a perfect location. We were able to walk to the Forbidden City, Tiananmen Square, and other major attractions. The room was comfortable and clean, and the staff was friendly and helpful. Highly recommend for anyone looking for a great hotel in a prime location.',0,9,4,5,5,5,5,5,5,5,'Unbeatable location for sightseeing'),(12,'2023-04-14 17:14:27','I had a wonderful time exploring the historic city of Beijing. The hotel\'s location was perfect, just a short walk from all the major attractions. The staff were friendly and helpful, and the room was clean and comfortable. I especially enjoyed the hotel\'s restaurant, which served delicious traditional Chinese cuisine. Overall, a fantastic experience that I would highly recommend.',0,9,3,4,5,5,3,4,3,2,'A trip to the heart of Beijing'),(13,'2023-04-14 17:14:35','I visited Beijing to explore the rich history of China and the Forbidden City was the highlight of my trip. Staying at this hotel made the experience even better, with its close proximity to the palace and comfortable accommodations. While the hotel wasn\'t luxurious, it had all the basic amenities and the staff were courteous. The only downside was the spotty WiFi connection. Overall, a great stay and highly recommended for those visiting the city.',0,9,4,3,2,2,4,3,4,1,'The Imperial Palace is a Must-See'),(14,'2023-04-14 17:14:44','I stayed at this hotel during my visit to the Great Wall and couldn\'t have been happier with my choice. The location was perfect, with easy access to the wall and surrounding attractions. The staff were attentive and made sure my stay was comfortable. The room was clean and had all the necessary amenities. The hotel\'s facilities, including the gym and pool, were also impressive. Overall, a great experience that I would highly recommend to others visiting Beijing.',0,11,4,5,5,4,4,4,5,3,'A Memorable Stay Near the Great Wall'),(16,'2023-04-14 17:25:26','I absolutely loved staying at this hotel during my visit to Tokyo. The location was perfect for exploring the city, with many attractions within walking distance and easy access to public transportation. The staff were friendly and helpful, providing great recommendations for local restaurants and activities. The room was clean and comfortable, with a beautiful view of Tokyo Tower. The hotel\'s facilities, including the gym and pool, were also top-notch. I would highly recommend this hotel to anyone visiting Tokyo.',0,15,3,5,4,5,4,4,4,3,'Great Hotel for Exploring Tokyo'),(17,'2023-04-14 17:25:41','This hotel provided a great base for my exploration of Kyoto. The staff were extremely helpful and went out of their way to ensure that my stay was comfortable. The room was clean and well-appointed, with a lovely view of the city. The hotel\'s location was also convenient, with easy access to public transportation and many popular attractions, including the Fushimi Inari Taisha and the Gion district. I would definitely stay here again.',0,15,4,4,5,5,3,4,4,4,'Comfortable Stay in Kyoto'),(18,'2023-04-14 17:26:07','I had a wonderful time staying at this hotel during my trip to Mount Fuji. The hotel was located in a peaceful area, with beautiful views',0,15,3,5,4,5,3,4,4,4,'A Relaxing Retreat Near Mount Fuji'),(19,'2023-04-14 17:27:48','I had a wonderful stay at this hotel during my trip to Japan. The view of Mount Fuji from my room was simply stunning. The hotel was clean and comfortable, with all the necessary amenities. The staff were friendly and helpful, and the facilities were great. I especially enjoyed the hot springs, which were a great way to relax after a day of sightseeing. Overall, a fantastic experience that I would highly recommend to anyone visiting Japan.',0,15,3,5,4,4,4,4,5,3,'An Amazing View of Mount Fuji'),(20,'2023-04-14 17:27:54','I stayed at this hotel during my trip to Tokyo and it was a nice experience overall. The hotel is located in the heart of Shinjuku, which was convenient for exploring the city. The room was clean and comfortable, although a bit small. The staff were friendly and helpful, and the hotel had all the necessary amenities. However, I felt that the value for money could have been better. Overall, a decent hotel for a short stay in Tokyo.',0,15,4,4,4,5,3,4,3,3,'A Nice Hotel in the Heart of Shinjuku'),(21,'2023-04-14 17:27:59','I stayed at this hotel during my trip to Kyoto and had a wonderful experience. The hotel was located in a peaceful area with a beautiful Japanese garden. The staff were extremely friendly and helpful, and the room was clean and comfortable with a great view of the garden. The hotel\'s facilities, including the hot springs and traditional tea room, were also impressive. Overall, a fantastic stay that I would highly recommend to anyone visiting Kyoto.',0,15,4,5,5,5,4,5,5,4,'A Serene Experience in a Japanese Garden'),(22,'2023-04-14 17:29:13','This hotel was the highlight of my trip to Japan. The location is perfect, with amazing views of Tokyo Tower from the room. The staff were friendly and welcoming, making sure my stay was comfortable and enjoyable. The room was clean and well-equipped, with all the necessary amenities. The hotel\'s facilities, including the pool and spa, were also fantastic. I highly recommend this hotel to anyone visiting Tokyo.',0,15,4,5,4,5,5,5,4,5,'Amazing Hotel with Breathtaking Views of Tokyo Tower'),(23,'2023-04-14 17:29:27','I thoroughly enjoyed my stay at this hotel, which was set in a beautiful traditional Japanese garden. The staff were friendly and accommodating, and the room was comfortable and clean. The hotel\'s facilities, including the spa and hot springs, were perfect for relaxing and unwinding after a busy day of sightseeing. I highly recommend this hotel for anyone looking for a peaceful and relaxing stay in Japan.',0,15,4,4,5,5,4,5,4,5,'A Relaxing Stay in a Tranquil Setting'),(26,'2023-04-14 17:41:45','I had a wonderful stay at this hotel while visiting New York City. The location was perfect, with easy access to Central Park and the Empire State Building. The staff were friendly and helpful, and the room was clean and comfortable. The hotel\'s facilities, including the gym and free WiFi, were also excellent. Overall, I highly recommend this hotel to anyone visiting NYC.',0,17,3,5,4,5,4,5,4,4,'Great Location and Service'),(27,'2023-04-14 17:42:03','I absolutely loved my stay at this hotel in New York City. The location was perfect, with Times Square just a short walk away, and the staff were incredibly friendly and accommodating. The room was clean and comfortable, with all the amenities I needed. The hotel\'s facilities, including the gym and free WiFi, were also top-notch. I would definitely recommend this hotel to anyone visiting NYC.',0,17,3,4,5,4,4,4,5,5,'Wonderful Stay in the Heart of NYC'),(28,'2023-04-14 17:42:13','I had an incredible stay at this hotel in New York City. The location was perfect, with easy access to all the top attractions like the Brooklyn Bridge and One World Trade Center. The staff were friendly and helpful, and the room was spacious, clean, and comfortable. The hotel\'s facilities, including the gym and free WiFi, were also great. The only downside was the value for money, but overall I would still highly recommend this hotel to anyone visiting NYC.',0,17,4,5,5,5,3,4,4,4,'Great Hotel with Amazing Views'),(29,'2023-04-14 17:44:14','I stayed at this hotel during my trip to New York City and was impressed by the great location and service. The hotel is conveniently located near many popular attractions and the staff were friendly and helpful. The room was comfortable and clean with all the necessary amenities. I would highly recommend this hotel to anyone visiting the city.',0,17,3,4,4,3,4,4,5,4,'Great Location and Service'),(30,'2023-04-14 17:44:21','I recently stayed at this hotel and was blown away by the amazing experience. The location was perfect, with easy access to all the major attractions in the city. The staff were incredibly friendly and helpful, and the facilities were top-notch. My room was spacious, clean, and comfortable, with all the amenities I needed for my stay. I highly recommend this hotel to anyone looking for a luxurious and memorable experience in New York City.',0,17,4,5,5,5,4,5,5,5,'Amazing Hotel in the Heart of New York City'),(31,'2023-04-14 17:44:27','I recently stayed at this hotel and was blown away by the luxury and comfort it offered. The location was perfect, right in the heart of Manhattan, with easy access to all the major attractions in the city. The staff were incredibly friendly and helpful, and the facilities were top-notch. My room was spacious, clean, and comfortable, with all the amenities I needed for my stay. I highly recommend this hotel to anyone looking for a luxurious and memorable experience in New York City.',0,17,4,5,5,5,5,5,5,5,'Luxury Hotel in the Heart of Manhattan'),(32,'2023-04-14 17:55:02','My trip to Xi\'an wouldn\'t have been complete without exploring the ancient city wall, and this hotel was the perfect base for my adventures. The staff were friendly and accommodating, and the room was clean and comfortable. While the facilities were a bit basic, the hotel\'s prime location and value for money made up for it. Highly recommend for travelers looking to immerse themselves in Xi\'an\'s rich history and culture.',0,18,2,5,4,4,5,3,3,2,'Unforgettable Experience Exploring Xi\'an City Wall'),(33,'2023-04-14 17:55:11','I was blown away by the magnificence of the Terracotta Warriors, and this hotel was the perfect place to unwind after a long day of sightseeing. The staff were incredibly friendly and helpful, and the room was clean and comfortable. The hotel\'s facilities, including the gym and pool, were also top-notch. Highly recommend for anyone visiting Xi\'an!',0,18,3,5,5,5,4,4,5,3,'Comfortable Stay Near Terracotta Warriors'),(34,'2023-04-14 17:55:17','I loved staying at this hotel during my trip to Xi\'an. The location was perfect, with easy access to The Big Wild Goose Pagoda and other attractions. The staff were friendly and accommodating, and the room was clean and comfortable. The hotel\'s facilities, including the restaurant and bar, were also great. Highly recommend for anyone looking to explore the ancient capital of China.',0,18,4,4,4,4,5,5,4,3,'Great Hotel Near The Big Wild Goose Pagoda'),(35,'2023-04-14 17:56:17','I had a fantastic time exploring the Xian City Wall during my stay at this hotel. The location was perfect, with easy access to the wall and other attractions. The staff were friendly and helpful, and the room was clean and comfortable. The facilities, including the gym and pool, were also great. I would highly recommend this hotel to anyone visiting Xian.',0,18,4,5,4,4,4,4,5,3,'A Great Experience Exploring Xian City Wall'),(36,'2023-04-14 17:56:40','My stay at this hotel was made even better by my visit to the Terracotta Warriors, which was just a short distance away. The hotel staff were friendly and welcoming, and the room was clean and comfortable. I also enjoyed the hotel\'s facilities, including the gym and pool. Overall, a great experience that I would highly recommend to anyone visiting Xian.',0,18,2,4,5,5,4,4,5,4,'An Unforgettable Visit to the Terracotta Warriors'),(37,'2023-04-14 17:56:51','My stay at this hotel was very pleasant. The location was great, with easy access to the Great Wild Goose Pagoda and other attractions. The staff were helpful and the room was clean and comfortable. The hotel\'s facilities were good, although the gym could have been better. Overall, a good experience that I would recommend to others visiting Xian.',0,18,4,4,4,5,4,4,4,4,'A Pleasant Stay near the Great Wild Goose Pagoda'),(38,'2023-04-14 17:59:41','I visited the Terracotta Army during my stay in Xi\'an and was blown away by the scale and history of this incredible site. The hotel\'s location was perfect for exploring the ancient city and its landmarks. The staff were friendly and helpful, and the room was clean and comfortable. While the facilities were a bit outdated, they were still functional and added to the charm of the hotel. Overall, a memorable experience that I highly recommend to anyone visiting Xi\'an.',0,18,4,5,4,4,5,3,3,2,'Fascinating Visit to the Terracotta Army'),(39,'2023-04-14 17:59:49','The hotel\'s location near the Ancient City Wall was perfect for exploring Xi\'an\'s historic landmarks. While the facilities were a bit outdated, the room was clean and comfortable. The staff were friendly and helpful, and the hotel offered convenient amenities like free WiFi. Overall, a good value for the price and a great base for exploring Xi\'an.',0,18,3,4,3,4,4,4,3,3,'Great Location Near the Ancient City Wall'),(40,'2023-04-14 17:59:56','I stayed at this hotel during my visit to Xi\'an and was blown away by the stunning views of the Big Wild Goose Pagoda from my room. The staff were incredibly friendly and helpful, and the facilities were top-notch. The room was spacious and comfortable, with all the necessary amenities. The hotel\'s location was also convenient for exploring the city\'s landmarks and attractions. Overall, an unforgettable experience that I would highly recommend to anyone visiting Xi\'an.',0,18,4,5,5,5,5,5,5,5,'Stunning Views of the Big Wild Goose Pagoda'),(41,'2023-04-14 18:02:44','I recently had the pleasure of visiting Qingdao and had a great time exploring the city. The beach was stunning and it was wonderful to watch the waves crash against the shore. The local people were very friendly and I enjoyed learning about their customs and traditions. The seafood was also amazing and I highly recommend trying it out. Overall, a fantastic trip that I will never forget.',0,20,2,5,4,5,4,4,3,3,'A Wonderful Trip to Qingdao'),(42,'2023-04-14 18:02:50','During my visit to Qingdao, I had the pleasure of visiting Zhanqiao Pier and was blown away by the stunning views of the city skyline. The staff were very welcoming and made sure I had everything I needed for a comfortable stay. The room was clean and spacious, and the facilities were top-notch. I highly recommend this hotel to anyone visiting Qingdao.',0,20,3,4,5,5,4,4,4,4,'An Unforgettable Experience at Zhanqiao Pier'),(43,'2023-04-14 18:02:56','I recently stayed at this hotel during my trip to Qingdao and it was the perfect location for exploring the city. The staff were very friendly and helpful, and the room was clean and comfortable. The hotel is located close to many local attractions, including the beach and the Qingdao Beer Museum. Overall, a great experience and highly recommended!',0,20,4,4,4,4,5,5,4,5,'Great Hotel, Great Location!'),(44,'2023-04-14 18:05:10','I had a great time in Qingdao and this hotel was a big part of it. The location was perfect, right by the bay and with easy access to all the attractions. The staff were friendly and always willing to help. The room was clean and comfortable, with all the amenities I needed. The hotel\'s facilities, including the pool and gym, were also impressive. And let\'s not forget about the delicious Tsingtao beer that was readily available. Highly recommend!',0,20,4,4,4,5,4,4,5,3,'A Pleasant Stay in Qingdao'),(45,'2023-04-14 18:05:15','I had a wonderful time in Qingdao and this hotel was a big reason why. The location was perfect, with easy access to the beautiful beaches and other attractions. The staff were friendly and helpful, and the room was clean and comfortable. I especially enjoyed the hotel\'s facilities, including the spa and pool. The only downside was that it was a bit pricey, but overall it was worth it for the experience.',0,20,4,5,4,5,3,4,4,4,'A Relaxing Getaway in Qingdao'),(46,'2023-04-14 18:05:27','My stay in Qingdao was absolutely amazing and this hotel played a big role in that. The location was perfect, right in the heart of the city and with easy access to all the attractions. The staff were friendly and attentive, and the room was spacious and comfortable. I especially loved the hotel\'s facilities, including the pool and free wifi. And let\'s not forget about the amazing Qingdao Beer Festival that was happening during my stay.',0,20,2,4,5,5,4,5,4,5,'An Unforgettable Stay in Qingdao'),(47,'2023-04-14 18:07:59','The hotel had an amazing view of Victoria Harbour, especially at night when the city lights up. The staff were friendly and helpful, and the facilities were clean and well-maintained. The room was comfortable and had everything we needed. The location was convenient, with easy access to public transportation and popular tourist attractions. Overall, a great stay in Hong Kong!',0,21,5,5,4,4,3,4,5,3,'Beautiful Views of Victoria Harbour'),(48,'2023-04-14 18:08:11','This hotel exceeded our expectations in every way. The staff were attentive and professional, the room was spacious and comfortable, and the facilities were top-notch. The location was perfect for exploring Hong Kong, with many attractions within walking distance. We especially enjoyed the stunning views of the skyline from our room. Overall, a fantastic stay that we would highly recommend!',0,21,3,4,5,5,4,5,5,5,'Luxurious Stay in the Heart of Hong Kong'),(49,'2023-04-14 18:08:17','Our stay in Hong Kong was interesting and unique, although there were some issues with the hotel. The staff were not particularly friendly or helpful, and the room was somewhat small and basic. However, the location was great for exploring the city and trying out the local street food. Overall, a mixed experience that we won\'t forget.',0,21,2,4,3,4,3,4,4,2,'Interesting Experience in Hong Kong'),(50,'2023-04-14 18:11:02','I had a great time in Hong Kong and this hotel was a big part of it. The location is perfect, with easy access to all the sights and attractions. The staff were friendly and helpful, and the room was clean and comfortable. The facilities, including the pool and gym, were also top-notch. I particularly enjoyed the view of Victoria Harbor from my room and from The Peak. I would definitely stay here again and recommend it to others.',0,21,4,4,5,4,4,4,4,5,'A Great Experience in Hong Kong'),(51,'2023-04-14 18:11:09','I stayed at this hotel during my visit to Hong Kong and it was an unforgettable experience. The staff were friendly and attentive, and the facilities were top-notch. The room was spacious and comfortable, with great views of the city skyline. I particularly enjoyed visiting Disneyland, which was just a short ride away. The hotel\'s location was also convenient for exploring the rest of the city. I would highly recommend this hotel to anyone visiting Hong Kong.',0,21,3,5,5,5,4,5,5,4,'Unforgettable Stay in Hong Kong'),(52,'2023-04-14 18:11:22','This hotel was a great find during my trip to Hong Kong. The location is unbeatable, with easy access to all the major sights and attractions. The staff were friendly and helpful, and the facilities were excellent.',0,21,4,5,5,4,4,4,5,5,'Great Hotel in a Great Location'),(53,'2023-04-14 18:14:08','I recently stayed at this hotel during my visit to Los Angeles and I couldn\'t have been happier with my choice. The location was perfect, with easy access to the Hollywood Sign and other attractions. The staff were very friendly and helpful, and the room was clean and comfortable. The hotel facilities were also great, with a nice pool and gym. Overall, a great experience and I would definitely stay here again!',0,22,3,5,4,4,3,4,5,3,'Great Hotel near Hollywood Sign'),(54,'2023-04-14 18:14:15','I stayed at this hotel during my visit to Santa Monica and found it to be a great choice. The location was excellent, just a short walk from the beach and other attractions. The room was comfortable and clean, and the hotel facilities were good. The staff were friendly and helpful. Overall, a great experience and I would recommend this hotel to anyone visiting Santa Monica.',0,22,4,4,3,3,4,4,4,3,'Great Location for Santa Monica Beach'),(55,'2023-04-14 18:14:22','I stayed at this hotel during my visit to Universal Studios and it was perfect. The location was excellent, just a short walk from the park entrance. The room was clean and comfortable, and the hotel facilities were great, including a nice pool and gym. The staff were very friendly and helpful. Overall, a great experience and I would definitely stay here again if I visit Universal Studios in the future.',0,22,4,5,5,5,4,5,5,4,'Perfect Hotel for Universal Studios'),(56,'2023-04-14 18:15:34','I stayed at this hotel during my visit to Los Angeles and it was a great experience. The location was perfect for exploring the city, with easy access to popular attractions like the Hollywood Sign and Universal Studios. The hotel facilities, including the pool and gym, were top-notch and added to the overall enjoyment of my stay. The staff were friendly and attentive, although the value for money could have been better. Overall, a great choice for anyone visiting LA.',0,22,4,5,4,4,3,4,5,3,'Great Location and Facilities'),(57,'2023-04-14 18:15:39','This hotel is located in a great area of Los Angeles, close to the beach and many restaurants and shops. The room was clean and comfortable, and the staff were friendly and helpful. However, the value for money could have been better, as the hotel is a bit pricey compared to similar options in the area. Overall, a decent choice for anyone looking for a convenient place to stay in LA.',0,22,3,4,4,5,3,4,4,5,'Decent Hotel in a Great Location'),(58,'2023-04-14 18:15:45','I stayed at this hotel during my trip to Los Angeles and while the location was good, the overall experience was just average. The room was comfortable enough, but nothing special, and the staff were not particularly friendly or attentive. The value for money was not great, as the hotel is a bit expensive for what it offers. The free wifi was a nice touch, but overall I would recommend looking for other options in the area.',0,22,2,3,3,4,2,3,3,4,'Average Hotel in a Good Location'),(59,'2023-04-14 18:20:37','Visiting the Yunnan Primitive Forest was an unforgettable experience. The natural beauty of the forest was awe-inspiring, and I felt truly immersed in nature. The local people were friendly and welcoming, and I learned a lot about their customs and way of life. The accommodation was comfortable and clean, and I appreciated the value for money. The facilities were basic but sufficient, and I was glad to have access to free wifi. Overall, I highly recommend visiting the Yunnan Primitive Forest for a unique and rewarding experience.',0,25,2,4,4,5,4,4,4,3,'Unforgettable Experience in the Yunnan Forest'),(60,'2023-04-14 18:20:44','The views from the Yunnan Primitive Forest were absolutely amazing. I couldn\'t believe how beautiful the landscape was, and I took so many pictures to remember it by. The staff at the accommodation were a bit aloof and unhelpful, which was a bit disappointing, but the room was clean and comfortable enough. The value for money was only average, as the facilities were basic and the wifi was not very reliable. However, I would still recommend the Yunnan Primitive Forest for the stunning natural beauty and unique cultural experience.',0,25,3,5,3,4,3,4,3,2,'Amazing Views in the Yunnan Forest'),(61,'2023-04-14 18:22:53','I had a wonderful stay at this hotel during my visit to Universal Studios. The staff were incredibly friendly and helpful, and the room was clean, comfortable, and well-equipped. The location was perfect, as it was just a short walk away from the theme park. The value for money was also quite reasonable, considering the convenient location and quality of the accommodations. I would definitely recommend this hotel to anyone visiting the area.',0,22,3,4,5,4,3,4,4,5,'Great Stay Near Universal Studios'),(62,'2023-04-14 18:23:04','My stay at the lodge in the Yunnan rainforest was absolutely amazing. The scenery was breathtaking, with lush green forests and stunning waterfalls all around. The accommodations were rustic, but comfortable and well-maintained. The staff were friendly and attentive, and the food was delicious. I would highly recommend this experience to anyone looking for a unique and unforgettable adventure in nature.',0,25,4,5,4,5,4,5,4,5,'Incredible Experience in the Rainforest'),(63,'2023-04-14 18:23:10','I was very disappointed with my stay at this hotel near the Walk of Fame. The room was dirty and uncomfortable, and the facilities were outdated and poorly maintained. The staff were also unfriendly and unhelpful, and the value for money was terrible. The only redeeming feature of this hotel was the free wifi. I would not recommend staying here unless you have no other options.',0,22,5,3,2,2,1,2,1,3,'Disappointing Hotel in a Touristy Area'),(64,'2023-04-15 16:46:41','I had an incredible experience at the Rocky Mountains. The scenery was breathtaking, and the locals were so friendly and welcoming. The hotel I stayed at was clean, comfortable, and had great facilities, including free wifi. The staff were also helpful and made my stay even better. The value for money was reasonable given the location and overall experience. I would highly recommend visiting the Rocky Mountains for a memorable and rejuvenating vacation.',0,26,2,5,4,5,3,5,4,5,'Amazing Mountain Getaway'),(65,'2023-04-15 16:46:51','I visited the Rocky Mountains and stayed at a hotel with a beautiful mountain view. The location was peaceful and relaxing, and the locals were very friendly. The hotel was clean and comfortable, and had great facilities, including free wifi. The staff were also very helpful and made me feel at home. While the value for money was a bit high, I would still recommend visiting the Rocky Mountains for a serene and rejuvenating vacation.',0,26,3,4,4,4,3,4,4,4,'Peaceful and Relaxing'),(66,'2023-04-15 16:46:55','I visited the Rocky Mountains and stayed at a hotel with a beautiful mountain view. The location was peaceful and relaxing, and the locals were very friendly. The hotel was clean and comfortable, and had great facilities, including free wifi. The staff were also very helpful and made me feel at home. While the value for money was a bit high, I would still recommend visiting the Rocky Mountains for a serene and rejuvenating vacation.',0,26,3,4,4,4,3,4,4,4,'Peaceful and Relaxing'),(67,'2023-04-15 16:48:16','The best thing about this hotel is its location. It\'s just a short walk to the Eiffel Tower and the Champs-Élysées. The room was clean and comfortable, but nothing special. The staff were friendly enough, but not particularly helpful or attentive. The value for money was just average, considering the hotel\'s location. The free wifi was a bit slow, but it was better than nothing. Overall, I would recommend this hotel if you\'re looking for a convenient location.',0,27,3,5,4,4,3,4,4,3,'Great location, average hotel'),(68,'2023-04-15 16:48:26','This hotel was a great find. It\'s located right in the heart of Paris, with easy access to all of the city\'s major attractions. The room was spacious, clean, and comfortable, with all the amenities you could ask for. The staff were extremely friendly and helpful, and went out of their way to make our stay enjoyable. The value for money was good, considering the hotel\'s central location. The free wifi was fast and reliable, and the facilities were top-notch. I would definitely recommend this hotel to anyone visiting Paris.',0,27,4,4,5,5,3,5,5,4,'Wonderful hotel in the heart of Paris'),(69,'2023-04-15 16:50:35','I recently had the pleasure of staying at the Neuschwanstein Castle in Bavaria, Germany and it was an incredible experience. The castle itself is breathtaking and the surrounding area is full of stunning natural beauty. The staff were extremely friendly and accommodating, and the cleanliness of the rooms was impeccable. While the value for money wasn\'t the best, I would still highly recommend this unique and unforgettable experience to anyone visiting Germany.',0,28,2,4,5,5,3,4,4,5,'Amazing Castle Stay in Bavaria'),(70,'2023-04-15 16:51:06','I recently had the pleasure of staying at the Neuschwanstein Castle in Bavaria, Germany and it was an incredible experience. The castle itself is breathtaking and the surrounding area is full of stunning natural beauty. The staff were extremely friendly and accommodating, and the cleanliness of the rooms was impeccable. While the value for money wasn\'t the best, I would still highly recommend this unique and unforgettable experience to anyone visiting Germany.',0,28,2,4,5,5,3,4,4,5,'Amazing Castle Stay in Bavaria'),(71,'2023-04-15 16:51:15','I stayed at this hotel during my visit to Munich and it was a decent experience overall. The location was good and convenient to many of the city\'s attractions. The staff were friendly and the rooms were clean, although not particularly comfortable. The facilities were adequate, but the free wifi was a bit spotty. Overall, I would recommend this hotel as a decent and affordable option for visitors to Munich.',0,28,3,3,4,4,4,3,3,3,'Decent Hotel in Munich'),(72,'2023-04-15 16:51:23','I recently stayed at this hotel during my trip to Berlin and it was an excellent experience. The location was perfect, with easy access to many of the city\'s attractions. The staff were extremely friendly and helpful, and the cleanliness of the rooms was top-notch. While the value for money wasn\'t the best, the overall comfort and facilities more than made up for it. The free wifi was also a great touch. I highly recommend this hotel to anyone visiting Berlin.',0,28,4,5,5,5,4,4,4,5,'Excellent Hotel in Berlin'),(73,'2023-04-15 16:52:14','I had a great stay at this hotel in Bangkok during my recent trip to Thailand. The hotel is located near the beautiful Golden Mount Temple, which was a highlight of my trip. The staff were incredibly friendly and helpful, and the room was clean and comfortable. The value for money was good, although it could have been a bit better. The free wifi was a nice touch, and overall I would definitely recommend this hotel to anyone visiting Bangkok.',0,33,2,4,5,4,3,4,3,5,'Great Stay near the Golden Mount Temple'),(74,'2023-04-15 16:52:21','This hotel was amazing! The location was perfect, right near the lively Khao San Road area with lots of bars, restaurants, and shops. The staff were very friendly and helpful, and the room was spotlessly clean and very comfortable. The facilities were top-notch, with a beautiful swimming pool and gym, and the value for money was great. The free wifi was also a nice bonus. Overall, I would highly recommend this hotel to anyone visiting Bangkok.',0,33,3,5,4,5,4,5,5,5,'Amazing Hotel near Khao San Road'),(75,'2023-04-15 16:52:28','Unfortunately, I did not have a great experience at this hotel in Bangkok. While the location was decent, the room was not very comfortable and the staff were not particularly friendly or helpful. The value for money was not great, as the hotel is a bit expensive for what it offers. The free wifi was a nice touch, but overall I would not recommend this hotel to others. On the bright side, the street food in Bangkok was amazing!',0,33,4,3,3,3,2,2,2,4,'Disappointing Hotel Experience in Bangkok'),(76,'2023-04-15 16:53:22','I had the most incredible time on my safari in South Africa. The landscape was breathtaking and I got to see so many amazing animals up close. The guides were extremely knowledgeable about the wildlife and the local culture, and made sure we were all comfortable and safe throughout the trip. The accommodations were comfortable and clean, and the food was delicious. I would highly recommend this experience to anyone looking for an adventure in South Africa!',0,36,2,5,4,4,5,5,4,3,'Amazing Safari Experience'),(77,'2023-04-15 16:53:29','I recently went on a tour of South Africa and was disappointed with the overall experience. The locations we visited were not very interesting, and the tour guides didn\'t seem very knowledgeable or passionate about the area. The accommodations were not very comfortable or clean, and the food was mediocre at best. The tour was also quite expensive for what it offered. The only positive aspect was the opportunity to see some of the local wildlife.',0,36,3,3,3,3,2,2,2,1,'Disappointing Tour'),(78,'2023-04-15 16:53:36','I had an amazing time on my adventure tour of South Africa. The landscape was beautiful and the activities were thrilling. The tour guides were friendly, knowledgeable, and made sure we were all safe throughout the trip. The accommodations were comfortable and clean, and the food was delicious. The tour was also reasonably priced for what it offered. I would definitely recommend this tour to anyone looking for an exciting adventure in South Africa.',0,36,4,4,5,4,4,4,5,4,'Great Adventure Tour'),(79,'2023-04-15 17:04:37','I recently visited London with my family and we had a great stay at this hotel. The location is perfect, with easy access to all the major tourist attractions. The staff were friendly and helpful throughout our stay. The rooms were clean and comfortable, although a bit small. The value for money was decent, considering the location. The facilities were good, and we especially enjoyed the free wifi. Overall, I would definitely recommend this hotel to anyone visiting London.',0,37,2,5,4,5,3,4,4,5,'Great Stay in Central London'),(80,'2023-04-15 17:04:45','I stayed at this hotel during a recent trip to London and overall it was a decent experience. The location is great, with lots of restaurants and shops nearby. The staff were friendly enough, but not particularly attentive. The rooms were clean, but a bit cramped. The value for money wasn\'t great, as the prices were a bit high for what you get. The facilities were decent, and the free wifi was a nice touch. I would recommend this hotel to anyone looking for a good location, but be prepared for some compromises in terms of comfort and value for money.',0,37,3,4,3,4,2,3,3,4,'Decent Hotel in a Good Location'),(81,'2023-04-15 17:09:22','I recently visited London and it was an amazing experience! The city has so much to offer from its beautiful architecture, delicious food, and rich history. The London Eye and Tower Bridge are a must-see for anyone visiting the city. I also loved exploring the local neighborhoods and experiencing the unique culture and customs. The people were friendly and welcoming, and I can\'t wait to go back!',0,37,3,4.5,3.2,4.8,3.9,4.1,4.2,4.9,'Amazing experience in London'),(82,'2023-04-15 17:10:20','I had an amazing experience in Dublin! The city is full of history and culture, and the people are very friendly. I highly recommend visiting the Guinness Storehouse and the Book of Kells exhibit at Trinity College. The nightlife is also great, with plenty of pubs and live music.',0,38,2,4,3.5,3,3.5,3,3,4,'Amazing Dublin'),(83,'2023-04-15 17:10:36','I recently visited Dublin and was blown away by the beauty of the city. The people are warm and welcoming, and the pubs are a great place to meet locals and learn about Irish culture. I highly recommend taking a tour of Trinity College and the Jameson Distillery. If you\'re looking for a great meal, try out The Winding Stair restaurant.',0,38,3,4.5,4,3.5,3.5,3.5,3.5,4,'Dublin: A Must-See Destination'),(84,'2023-05-16 16:18:31','I had an amazing experience visiting the Colosseum. The architecture and history were breathtaking. The staff was helpful, and the cleanliness of the venue was impressive. The value for money was reasonable, and the comfort level was decent. The facilities provided were good, although the free Wi-Fi could be improved. Overall, I highly recommend visiting the Colosseum.',0,43,2,4,3,5,4,3,4,2,'Visiting the Colosseum'),(85,'2023-05-16 16:19:54','My visit to the Colosseum was absolutely incredible. The location was convenient, and the staff was friendly and knowledgeable. The cleanliness of the venue was satisfactory, although it could be improved. The value for money was reasonable, and the comfort level was decent. The facilities provided were decent as well, but the free Wi-Fi was a bit unreliable. Overall, I had a great time exploring the Colosseum and would highly recommend it to others.',0,43,4,4,5,3,4,4,3,2,'Exploring the Colosseum'),(86,'2023-05-16 16:23:17','Visiting Trevi Fountain was an unforgettable experience. The location was stunning, and the atmosphere was enchanting. The staff was helpful and accommodating. The cleanliness of the area was exceptional, creating a pleasant environment. The value for money was reasonable, considering the beauty and history of the fountain. Although the comfort level could have been better, the facilities provided were satisfactory. However, the free Wi-Fi service was limited. Overall, I highly recommend a visit to Trevi Fountain for its beauty and grandeur.',0,43,3,4,3,5,4,3,4,2,'Marvelous Experience at Trevi Fountain'),(87,'2023-05-16 16:24:11','Visiting Vatican City was an incredible experience. The location was breathtaking, with magnificent architecture and rich historical significance. The staff was extremely knowledgeable and provided excellent guidance throughout the visit. The cleanliness of the premises was well-maintained, creating a pleasant atmosphere. The value for money was reasonable considering the access to priceless artworks and historical treasures. The comfort level was good, and the facilities provided were top-notch. However, the free Wi-Fi service was limited in certain areas. Overall, I highly recommend exploring Vatican City for its cultural and artistic wonders.',0,43,4,4,5,3,4,4,5,2,'Awe-Inspiring Visit to Vatican City'),(88,'2023-05-16 16:25:06','Visiting the Spanish Steps was a wonderful experience. The location was vibrant and lively, offering a unique atmosphere. The staff was friendly and provided helpful information about the area. The cleanliness of the surroundings was well-maintained, creating a pleasant environment. The value for money was excellent, considering the beautiful views and historical significance of the Spanish Steps. The comfort level was satisfactory, and the facilities provided were sufficient for a pleasant visit. The availability of free Wi-Fi was a convenient addition. Overall, I highly recommend exploring the Spanish Steps for its cultural charm and scenic beauty.',0,43,2,4,3,4,5,4,3,4,'Memorable Visit to Spanish Steps'),(89,'2023-05-16 16:26:22','My visit to Piazza Navona was absolutely amazing. The location was breathtaking, with its stunning architecture and vibrant atmosphere. The staff was friendly and provided excellent service throughout my time there. The cleanliness of the area was well-maintained, creating a pleasant and enjoyable environment. In terms of value for money, I found it to be slightly on the higher side compared to other attractions, but the experience was well worth it. The comfort level was good, and the facilities provided were convenient for visitors. Although free Wi-Fi was not available, it didn\'t hinder my overall experience. I highly recommend visiting Piazza Navona for its beauty, history, and lively ambiance.',0,43,4,5,4,5,3,4,4,3,'Unforgettable Visit to Piazza Navona'),(90,'2023-05-16 16:32:25','My visit to the Petronas Twin Towers was absolutely breathtaking. The location is iconic and offers stunning views of the city. The staff was helpful and provided excellent service throughout my visit. The cleanliness of the towers was well-maintained, creating a pleasant and hygienic environment. In terms of value for money, it was definitely worth every penny spent. The comfort level was great, and the facilities provided were top-notch. The availability of free Wi-Fi was an added bonus. I highly recommend visiting the Petronas Twin Towers for an unforgettable experience.',0,40,2,4,3,4,5,4,3,4,'Amazing Experience at Petronas Twin Towers'),(91,'2023-05-16 16:32:58','Visiting the Petronas Twin Towers was a truly amazing experience. The location is breathtaking and offers panoramic views of the city. The staff was extremely friendly and provided excellent service. The cleanliness of the towers was impeccable, creating a pleasant and hygienic environment. Although the ticket price was a bit high, the overall value for money was good considering the incredible views and experience. The comfort level was great, and the facilities provided were modern and well-maintained. The availability of free Wi-Fi was a nice touch. I highly recommend visiting the Petronas Twin Towers for a memorable time.',0,40,3,4,5,4,3,4,5,4,'Fantastic Experience at Petronas Twin Towers'),(92,'2023-05-16 16:33:16','My visit to the Petronas Twin Towers was absolutely unforgettable. The location is iconic and offers breathtaking views of Kuala Lumpur. The staff was attentive and provided excellent assistance throughout the visit. The towers were spotlessly clean, creating a pleasant and hygienic atmosphere. Considering the experience and views, the ticket price provided good value for money. Although the comfort level could be improved, the facilities available were convenient and well-maintained. The availability of free Wi-Fi was a great convenience. I highly recommend visiting the Petronas Twin Towers for a memorable and awe-inspiring experience.',0,40,4,5,4,5,4,3,4,5,'Unforgettable Visit to Petronas Twin Towers'),(93,'2023-05-16 16:39:15','Visiting the Batu Caves was a memorable experience. The location is stunning and offers a unique cultural and religious atmosphere. The staff was helpful, although some areas could benefit from improved organization. The cleanliness of the caves was well-maintained, creating a pleasant environment for exploration. Considering the entrance fee, the value for money was reasonable. The comfort level could be better, especially during peak hours when it can get crowded. The facilities provided were decent, but the availability of free Wi-Fi was limited. I recommend visiting the Batu Caves to witness the beauty and significance of this iconic site.',0,40,2,4,3,5,4,3,4,2,'Impressive Batu Caves Experience'),(94,'2023-05-16 16:39:23','The Batu Caves left me in awe with their grandeur and natural beauty. The location is breathtaking and offers a spiritual retreat away from the bustling city. The staff was friendly and provided helpful information about the caves and its significance. The cleanliness of the site was well-maintained, ensuring a pleasant visit. The entrance fee was worth every penny considering the experience and cultural value. The comfort level was satisfactory, although it can get crowded during peak hours. The facilities provided were decent, and the availability of free Wi-Fi was a bonus. I highly recommend exploring the Batu Caves for a memorable and enriching experience.',0,40,3,5,4,4,5,4,4,3,'Awe-Inspiring Batu Caves'),(95,'2023-05-16 16:52:48','My visit to the Leaning Tower was truly impressive. The location itself is iconic and offers breathtaking views. The staff was helpful and provided interesting historical information. The cleanliness of the site was well-maintained, creating a pleasant environment. Considering the entrance fee, the value for money was reasonable. The comfort level could be improved, especially during busy periods when it can get crowded. The facilities provided were adequate, but the availability of free Wi-Fi was limited. I highly recommend visiting the Leaning Tower to experience its unique charm and architectural marvel.',0,42,2,4,3,5,4,3,4,2,'Impressive Visit to the Leaning Tower'),(96,'2023-05-16 16:52:53','Visiting the Leaning Tower was an unforgettable experience. The location is simply breathtaking, and the tower itself is a marvel of architecture. The staff was friendly and provided informative guided tours. The cleanliness of the site was well-maintained, ensuring a pleasant visit. The entrance fee was worth every penny, considering the historical and cultural significance. The comfort level was satisfactory, although it can get crowded during peak hours. The facilities provided were good, and the availability of free Wi-Fi was a plus. I highly recommend exploring the Leaning Tower for a memorable and awe-inspiring journey.',0,42,3,5,4,4,5,4,4,3,'Unforgettable Experience at the Leaning Tower'),(97,'2023-05-16 16:54:55','My visit to the Leaning Tower was truly amazing. The location is stunning and the architecture is awe-inspiring. The staff was friendly and knowledgeable, providing an enriching experience. The cleanliness of the site was well-maintained, creating a pleasant atmosphere. In terms of value for money, I felt it was slightly expensive considering the limited access. The comfort level was decent, although there were some crowds during peak hours. The facilities provided were satisfactory, but the availability of free Wi-Fi was limited. I highly recommend visiting the Leaning Tower to witness its beauty and historical significance.',0,42,2,4,5,4,3,4,4,2,'Amazing Experience at the Leaning Tower'),(98,'2023-05-16 16:54:59','My visit to the Leaning Tower was truly amazing. The location is stunning and the architecture is awe-inspiring. The staff was friendly and knowledgeable, providing an enriching experience. The cleanliness of the site was well-maintained, creating a pleasant atmosphere. In terms of value for money, I felt it was slightly expensive considering the limited access. The comfort level was decent, although there were some crowds during peak hours. The facilities provided were satisfactory, but the availability of free Wi-Fi was limited. I highly recommend visiting the Leaning Tower to witness its beauty and historical significance.',0,42,2,4,5,4,3,4,4,2,'Amazing Experience at the Leaning Tower'),(99,'2023-05-16 16:56:49','Visiting the Colosseum was a truly unforgettable experience. The location itself is steeped in history, and being able to explore such an iconic landmark was a dream come true. The staff was knowledgeable and provided interesting insights into the history of the Colosseum. The cleanliness of the site was well-maintained, creating a pleasant environment for visitors. In terms of value for money, I believe the experience was worth the price of admission. The comfort level was decent, although it can get crowded during peak hours. The facilities provided were satisfactory, but the availability of free Wi-Fi was limited. I highly recommend visiting the Colosseum to witness its grandeur and learn about its fascinating past.',0,42,2,4,5,4,3,4,4,2,'Unforgettable Experience at the Colosseum'),(100,'2023-05-16 16:56:54','My visit to the Colosseum left me impressed by its grandeur and historical significance. The location offers a breathtaking view of ancient Rome, and the architecture of the Colosseum is awe-inspiring. The staff was friendly and provided informative guided tours. The cleanliness of the site was well-maintained, creating a pleasant and comfortable atmosphere. The price of admission provided good value for money, considering the historical importance of the Colosseum. However, during peak hours, the crowds can affect the overall comfort level. The facilities provided were satisfactory, and the availability of free Wi-Fi was appreciated. I highly recommend visiting the Colosseum to experience the marvels of ancient Rome firsthand.',0,42,3,5,4,5,4,3,4,3,'Impressive Visit to the Colosseum');
/*!40000 ALTER TABLE `comment` ENABLE KEYS */;
UNLOCK TABLES;

--
-- Table structure for table `comment_picture`
--

DROP TABLE IF EXISTS `comment_picture`;
/*!40101 SET @saved_cs_client     = @@character_set_client */;
/*!50503 SET character_set_client = utf8mb4 */;
CREATE TABLE `comment_picture` (
  `id` int NOT NULL AUTO_INCREMENT,
  `address` char(250) NOT NULL,
  `comment_id` int DEFAULT NULL,
  PRIMARY KEY (`id`),
  KEY `comment_id` (`comment_id`),
  CONSTRAINT `comment_picture_ibfk_1` FOREIGN KEY (`comment_id`) REFERENCES `comment` (`id`) ON DELETE CASCADE ON UPDATE CASCADE
) ENGINE=InnoDB AUTO_INCREMENT=134 DEFAULT CHARSET=utf8mb4 COLLATE=utf8mb4_0900_ai_ci;
/*!40101 SET character_set_client = @saved_cs_client */;

--
-- Dumping data for table `comment_picture`
--

LOCK TABLES `comment_picture` WRITE;
/*!40000 ALTER TABLE `comment_picture` DISABLE KEYS */;
INSERT INTO `comment_picture` VALUES (1,'https://images.pexels.com/photos/2129796/pexels-photo-2129796.png?auto=compress&cs=tinysrgb&w=1600',2),(2,'https://images.pexels.com/photos/2224861/pexels-photo-2224861.png?auto=compress&cs=tinysrgb&w=1600',3),(3,'https://images.pexels.com/photos/5825359/pexels-photo-5825359.jpeg?auto=compress&cs=tinysrgb&w=1600',4),(4,'https://images.pexels.com/photos/1239162/pexels-photo-1239162.jpeg?auto=compress&cs=tinysrgb&w=1600',5),(5,'https://images.pexels.com/photos/1105766/pexels-photo-1105766.jpeg?auto=compress&cs=tinysrgb&w=1600',6),(6,'https://images.pexels.com/photos/1486222/pexels-photo-1486222.jpeg?auto=compress&cs=tinysrgb&w=1600',7),(7,'https://images.pexels.com/photos/378570/pexels-photo-378570.jpeg?auto=compress&cs=tinysrgb&w=1600',8),(8,'https://images.pexels.com/photos/1434580/pexels-photo-1434580.jpeg?auto=compress&cs=tinysrgb&w=1600',9),(9,'https://images.pexels.com/photos/19872/pexels-photo.jpg?auto=compress&cs=tinysrgb&w=1600',10),(10,'https://images.pexels.com/photos/2846076/pexels-photo-2846076.jpeg?auto=compress&cs=tinysrgb&w=1600',11),(11,'https://images.pexels.com/photos/2412603/pexels-photo-2412603.jpeg?auto=compress&cs=tinysrgb&w=1600',12),(12,'https://images.pexels.com/photos/1702982/pexels-photo-1702982.jpeg?auto=compress&cs=tinysrgb&w=1600',13),(13,'https://images.pexels.com/photos/2846001/pexels-photo-2846001.jpeg?auto=compress&cs=tinysrgb&w=1600',14),(14,'https://images.pexels.com/photos/3408353/pexels-photo-3408353.jpeg?auto=compress&cs=tinysrgb&w=1600',16),(15,'https://images.pexels.com/photos/1325837/pexels-photo-1325837.jpeg?auto=compress&cs=tinysrgb&w=1600',16),(16,'https://images.pexels.com/photos/581299/pexels-photo-581299.jpeg?auto=compress&cs=tinysrgb&w=1600',17),(17,'https://images.pexels.com/photos/1979828/pexels-photo-1979828.jpeg?auto=compress&cs=tinysrgb&w=1600',17),(18,'https://images.pexels.com/photos/3800117/pexels-photo-3800117.jpeg?auto=compress&cs=tinysrgb&w=1600',18),(19,'https://images.pexels.com/photos/3995905/pexels-photo-3995905.jpeg?auto=compress&cs=tinysrgb&w=1600',18),(20,'https://images.pexels.com/photos/2752037/pexels-photo-2752037.jpeg?auto=compress&cs=tinysrgb&w=1600',19),(21,'https://images.pexels.com/photos/1217579/pexels-photo-1217579.jpeg?auto=compress&cs=tinysrgb&w=1600',20),(22,'https://images.pexels.com/photos/5759903/pexels-photo-5759903.jpeg?auto=compress&cs=tinysrgb&w=1600',21),(23,'https://images.pexels.com/photos/4151484/pexels-photo-4151484.jpeg?auto=compress&cs=tinysrgb&w=1600',22),(24,'https://images.pexels.com/photos/4058519/pexels-photo-4058519.jpeg?auto=compress&cs=tinysrgb&w=1600',23),(25,'https://images.pexels.com/photos/356844/pexels-photo-356844.jpeg?auto=compress&cs=tinysrgb&w=1600',26),(26,'https://images.pexels.com/photos/2168974/pexels-photo-2168974.jpeg?auto=compress&cs=tinysrgb&w=1600',26),(27,'https://images.pexels.com/photos/237258/pexels-photo-237258.jpeg?auto=compress&cs=tinysrgb&w=1600',27),(28,'https://images.pexels.com/photos/944690/pexels-photo-944690.jpeg?auto=compress&cs=tinysrgb&w=1600',27),(29,'https://images.pexels.com/photos/286076/pexels-photo-286076.jpeg?auto=compress&cs=tinysrgb&w=1600',28),(30,'https://images.pexels.com/photos/722014/pexels-photo-722014.jpeg?auto=compress&cs=tinysrgb&w=1600',28),(31,'https://images.pexels.com/photos/327502/pexels-photo-327502.jpeg?auto=compress&cs=tinysrgb&w=1600',29),(32,'https://images.pexels.com/photos/1274799/pexels-photo-1274799.jpeg?auto=compress&cs=tinysrgb&w=1600',30),(33,'https://images.pexels.com/photos/1770813/pexels-photo-1770813.jpeg?auto=compress&cs=tinysrgb&w=1600',31),(34,'https://images.pexels.com/photos/13998387/pexels-photo-13998387.jpeg?auto=compress&cs=tinysrgb&w=1600',32),(35,'https://images.pexels.com/photos/13998391/pexels-photo-13998391.jpeg?auto=compress&cs=tinysrgb&w=1600',33),(36,'https://images.pexels.com/photos/8776877/pexels-photo-8776877.jpeg?auto=compress&cs=tinysrgb&w=1600',34),(37,'https://images.pexels.com/photos/5305568/pexels-photo-5305568.jpeg?auto=compress&cs=tinysrgb&w=1600',35),(38,'https://images.pexels.com/photos/5305571/pexels-photo-5305571.jpeg?auto=compress&cs=tinysrgb&w=1600',36),(39,'https://images.pexels.com/photos/10069225/pexels-photo-10069225.jpeg?auto=compress&cs=tinysrgb&w=1600',37),(40,'https://images.pexels.com/photos/5081342/pexels-photo-5081342.jpeg?auto=compress&cs=tinysrgb&w=1600',38),(41,'https://images.pexels.com/photos/13997552/pexels-photo-13997552.jpeg?auto=compress&cs=tinysrgb&w=1600',39),(42,'https://images.pexels.com/photos/13997553/pexels-photo-13997553.jpeg?auto=compress&cs=tinysrgb&w=1600',40),(43,'https://images.unsplash.com/photo-1559300033-8d51d8820666?ixlib=rb-4.0.3&ixid=MnwxMjA3fDB8MHxzZWFyY2h8MXx8c2hhbmRvbmclMjBzaGVuZ3xlbnwwfHwwfHw%3D&auto=format&fit=crop&w=500&q=60',41),(44,'https://images.unsplash.com/photo-1562674168-f43647c1a403?ixlib=rb-4.0.3&ixid=MnwxMjA3fDB8MHxzZWFyY2h8M3x8c2hhbmRvbmclMjBzaGVuZ3xlbnwwfHwwfHw%3D&auto=format&fit=crop&w=500&q=60',41),(45,'https://images.unsplash.com/photo-1553009288-ef82862036fc?ixlib=rb-4.0.3&ixid=MnwxMjA3fDB8MHxzZWFyY2h8Nnx8c2hhbmRvbmclMjBzaGVuZ3xlbnwwfHwwfHw%3D&auto=format&fit=crop&w=500&q=60',42),(46,'https://images.unsplash.com/photo-1544538052-cc1f5eafa6bc?ixlib=rb-4.0.3&ixid=MnwxMjA3fDB8MHxzZWFyY2h8MTB8fHNoYW5kb25nJTIwc2hlbmd8ZW58MHx8MHx8&auto=format&fit=crop&w=500&q=60',43),(47,'https://images.unsplash.com/photo-1565090687623-75ef51c99530?ixlib=rb-4.0.3&ixid=MnwxMjA3fDB8MHxzZWFyY2h8MTJ8fHNoYW5kb25nJTIwc2hlbmd8ZW58MHx8MHx8&auto=format&fit=crop&w=500&q=60',43),(48,'https://images.unsplash.com/photo-1567334447523-c6f18c79ad28?ixlib=rb-4.0.3&ixid=MnwxMjA3fDB8MHxzZWFyY2h8MjB8fHNoYW5kb25nJTIwc2hlbmd8ZW58MHx8MHx8&auto=format&fit=crop&w=500&q=60',44),(49,'https://images.unsplash.com/photo-1675586870243-5d320f6f8366?ixlib=rb-4.0.3&ixid=MnwxMjA3fDB8MHxzZWFyY2h8MzB8fHNoYW5kb25nJTIwc2hlbmd8ZW58MHx8MHx8&auto=format&fit=crop&w=500&q=60',44),(50,'https://images.pexels.com/photos/11110532/pexels-photo-11110532.jpeg?auto=compress&cs=tinysrgb&w=1600',45),(51,'https://images.pexels.com/photos/13331526/pexels-photo-13331526.jpeg?auto=compress&cs=tinysrgb&w=1600',46),(52,'https://images.pexels.com/photos/11110539/pexels-photo-11110539.jpeg?auto=compress&cs=tinysrgb&w=1600',46),(53,'https://images.pexels.com/photos/1738994/pexels-photo-1738994.jpeg?auto=compress&cs=tinysrgb&w=1600',47),(54,'https://images.pexels.com/photos/2861883/pexels-photo-2861883.jpeg?auto=compress&cs=tinysrgb&w=1600',47),(55,'https://images.pexels.com/photos/792832/pexels-photo-792832.jpeg?auto=compress&cs=tinysrgb&w=1600',48),(56,'https://images.pexels.com/photos/2481190/pexels-photo-2481190.jpeg?auto=compress&cs=tinysrgb&w=1600',49),(57,'https://images.pexels.com/photos/2300342/pexels-photo-2300342.jpeg?auto=compress&cs=tinysrgb&w=1600',49),(58,'https://images.pexels.com/photos/946630/pexels-photo-946630.jpeg?auto=compress&cs=tinysrgb&w=1600',50),(59,'https://images.pexels.com/photos/1404916/pexels-photo-1404916.jpeg?auto=compress&cs=tinysrgb&w=1600',50),(60,'https://images.pexels.com/photos/889444/pexels-photo-889444.jpeg?auto=compress&cs=tinysrgb&w=1600',51),(61,'https://images.pexels.com/photos/2411688/pexels-photo-2411688.jpeg?auto=compress&cs=tinysrgb&w=1600',51),(62,'https://images.pexels.com/photos/3323694/pexels-photo-3323694.jpeg?auto=compress&cs=tinysrgb&w=1600',52),(63,'https://images.pexels.com/photos/3250582/pexels-photo-3250582.jpeg?auto=compress&cs=tinysrgb&w=1600',52),(64,'https://images.pexels.com/photos/3404541/pexels-photo-3404541.jpeg?auto=compress&cs=tinysrgb&w=1600',53),(65,'https://images.pexels.com/photos/3329733/pexels-photo-3329733.jpeg?auto=compress&cs=tinysrgb&w=1600',54),(66,'https://images.pexels.com/photos/6039208/pexels-photo-6039208.jpeg?auto=compress&cs=tinysrgb&w=1600',55),(67,'https://images.pexels.com/photos/2698991/pexels-photo-2698991.jpeg?auto=compress&cs=tinysrgb&w=1600',56),(68,'https://images.pexels.com/photos/2695679/pexels-photo-2695679.jpeg?auto=compress&cs=tinysrgb&w=1600',56),(69,'https://images.pexels.com/photos/2263683/pexels-photo-2263683.jpeg?auto=compress&cs=tinysrgb&w=1600',57),(70,'https://images.pexels.com/photos/2181230/pexels-photo-2181230.jpeg?auto=compress&cs=tinysrgb&w=1600',58),(71,'https://images.pexels.com/photos/14097497/pexels-photo-14097497.jpeg?auto=compress&cs=tinysrgb&w=1600',59),(72,'https://images.pexels.com/photos/14456998/pexels-photo-14456998.jpeg?auto=compress&cs=tinysrgb&w=1600',60),(73,'https://images.pexels.com/photos/16179006/pexels-photo-16179006.jpeg?auto=compress&cs=tinysrgb&w=1600',61),(74,'https://images.pexels.com/photos/14471256/pexels-photo-14471256.jpeg?auto=compress&cs=tinysrgb&w=1600',61),(75,'https://images.pexels.com/photos/14462336/pexels-photo-14462336.jpeg?auto=compress&cs=tinysrgb&w=1600',62),(76,'https://images.pexels.com/photos/2161449/pexels-photo-2161449.jpeg?auto=compress&cs=tinysrgb&w=1600',62),(77,'https://images.pexels.com/photos/16154231/pexels-photo-16154231.jpeg?auto=compress&cs=tinysrgb&w=1600',63),(78,'https://images.pexels.com/photos/266986/pexels-photo-266986.jpeg?auto=compress&cs=tinysrgb&w=1600',64),(79,'https://images.pexels.com/photos/16188740/pexels-photo-16188740.jpeg?auto=compress&cs=tinysrgb&w=1600',64),(80,'https://images.pexels.com/photos/16206881/pexels-photo-16206881.jpeg?auto=compress&cs=tinysrgb&w=1600',65),(81,'https://images.pexels.com/photos/16160675/pexels-photo-16160675.jpeg?auto=compress&cs=tinysrgb&w=1600',66),(82,'https://images.pexels.com/photos/699466/pexels-photo-699466.jpeg?auto=compress&cs=tinysrgb&w=1600',67),(83,'https://images.pexels.com/photos/1850619/pexels-photo-1850619.jpeg?auto=compress&cs=tinysrgb&w=1600',67),(84,'https://images.pexels.com/photos/2363/france-landmark-lights-night.jpg?auto=compress&cs=tinysrgb&w=1600',67),(85,'https://images.pexels.com/photos/2344/cars-france-landmark-lights.jpg?auto=compress&cs=tinysrgb&w=1600',68),(86,'https://images.pexels.com/photos/2130610/pexels-photo-2130610.jpeg?auto=compress&cs=tinysrgb&w=1600',68),(87,'https://images.pexels.com/photos/460740/pexels-photo-460740.jpeg?auto=compress&cs=tinysrgb&w=1600',68),(88,'https://images.pexels.com/photos/1128408/pexels-photo-1128408.jpeg?auto=compress&cs=tinysrgb&w=1600',71),(89,'https://images.pexels.com/photos/2570063/pexels-photo-2570063.jpeg?auto=compress&cs=tinysrgb&w=1600',72),(90,'https://images.pexels.com/photos/3243020/pexels-photo-3243020.jpeg?auto=compress&cs=tinysrgb&w=1600',73),(91,'https://images.pexels.com/photos/8299486/pexels-photo-8299486.jpeg?auto=compress&cs=tinysrgb&w=1600',74),(92,'https://images.pexels.com/photos/7999629/pexels-photo-7999629.jpeg?auto=compress&cs=tinysrgb&w=1600',75),(93,'https://images.pexels.com/photos/136721/pexels-photo-136721.jpeg?auto=compress&cs=tinysrgb&w=1600',76),(94,'https://images.pexels.com/photos/34098/south-africa-hluhluwe-giraffes-pattern.jpg?auto=compress&cs=tinysrgb&w=1600',77),(95,'https://images.pexels.com/photos/51809/pexels-photo-51809.jpeg?auto=compress&cs=tinysrgb&w=1600',78),(96,'https://images.pexels.com/photos/672532/pexels-photo-672532.jpeg?auto=compress&cs=tinysrgb&w=1600',79),(97,'https://images.pexels.com/photos/1427581/pexels-photo-1427581.jpeg?auto=compress&cs=tinysrgb&w=1600',79),(98,'https://images.pexels.com/photos/726484/pexels-photo-726484.jpeg?auto=compress&cs=tinysrgb&w=1600',79),(99,'https://images.pexels.com/photos/1906879/pexels-photo-1906879.jpeg?auto=compress&cs=tinysrgb&w=1600',80),(100,'https://images.pexels.com/photos/1427578/pexels-photo-1427578.jpeg?auto=compress&cs=tinysrgb&w=1600',81),(101,'https://images.pexels.com/photos/326807/pexels-photo-326807.jpeg?auto=compress&cs=tinysrgb&w=1600',81),(102,'https://images.pexels.com/photos/2561281/pexels-photo-2561281.jpeg?auto=compress&cs=tinysrgb&w=1600',81),(103,'https://images.pexels.com/photos/1650882/pexels-photo-1650882.jpeg?auto=compress&cs=tinysrgb&w=1600',82),(104,'https://images.pexels.com/photos/1208781/pexels-photo-1208781.jpeg?auto=compress&cs=tinysrgb&w=1600',82),(105,'https://images.pexels.com/photos/1208783/pexels-photo-1208783.jpeg?auto=compress&cs=tinysrgb&w=1600',83),(106,'https://images.pexels.com/photos/730466/pexels-photo-730466.jpeg?auto=compress&cs=tinysrgb&w=1600',83),(107,'https://cdn.pixabay.com/photo/2015/01/12/19/58/rome-597617_640.jpg',84),(108,'https://cdn.pixabay.com/photo/2021/02/07/20/37/colosseum-5992695_640.jpg',84),(109,'https://cdn.pixabay.com/photo/2016/08/31/13/30/italy-1633430_640.jpg',85),(110,'https://cdn.pixabay.com/photo/2017/07/14/19/25/trevi-2504746_640.jpg',85),(111,'https://cdn.pixabay.com/photo/2014/04/07/13/46/colosseum-318622_640.jpg',86),(112,'https://cdn.pixabay.com/photo/2015/07/23/16/23/san-pietro-857151_640.jpg',87),(113,'https://cdn.pixabay.com/photo/2016/07/13/00/12/rome-1513395_640.jpg',88),(114,'https://cdn.pixabay.com/photo/2018/05/11/00/42/place-3389238_640.jpg',89),(115,'https://cdn.pixabay.com/photo/2017/11/10/21/35/kong-kuala-2937763_640.jpg',90),(116,'https://cdn.pixabay.com/photo/2017/03/14/20/01/kuala-lumpur-2144254_640.jpg',90),(117,'https://cdn.pixabay.com/photo/2014/05/04/17/04/petronas-twin-towers-337661_640.jpg',91),(118,'https://cdn.pixabay.com/photo/2014/04/20/22/00/petronas-towers-328808_640.jpg',92),(119,'https://cdn.pixabay.com/photo/2014/04/20/21/59/petronas-towers-328806_640.jpg',92),(120,'https://cdn.pixabay.com/photo/2017/08/10/23/18/batu-2628777_640.jpg',93),(121,'https://cdn.pixabay.com/photo/2017/01/02/17/44/batu-caves-1947477_640.jpg',94),(122,'https://cdn.pixabay.com/photo/2019/08/21/09/38/pisa-4420684_640.jpg',95),(123,'https://cdn.pixabay.com/photo/2013/03/19/06/08/leaning-tower-of-pisa-94984_640.jpg',95),(124,'https://cdn.pixabay.com/photo/2014/03/25/22/47/leaning-tower-298223_640.jpg',96),(125,'https://cdn.pixabay.com/photo/2017/06/28/18/44/pisa-2451748_640.jpg',96),(126,'https://cdn.pixabay.com/photo/2022/07/22/14/07/pisa-7338252_640.jpg',97),(127,'https://cdn.pixabay.com/photo/2014/06/23/03/41/pisa-375079_640.jpg',97),(128,'https://cdn.pixabay.com/photo/2018/08/13/14/22/italy-3603032_640.jpg',98),(129,'https://cdn.pixabay.com/photo/2017/10/07/17/45/pisa-2827326_640.jpg',98),(130,'https://cdn.pixabay.com/photo/2016/11/29/07/19/ancient-1868058_640.jpg',99),(131,'https://cdn.pixabay.com/photo/2017/02/24/01/10/rome-2093608_640.jpg',99),(132,'https://cdn.pixabay.com/photo/2017/04/12/16/44/luna-2224974_640.jpg',100),(133,'https://cdn.pixabay.com/photo/2015/05/31/15/35/colosseum-792193_640.jpg',100);
/*!40000 ALTER TABLE `comment_picture` ENABLE KEYS */;
UNLOCK TABLES;

--
-- Table structure for table `email_captcha`
--

DROP TABLE IF EXISTS `email_captcha`;
/*!40101 SET @saved_cs_client     = @@character_set_client */;
/*!50503 SET character_set_client = utf8mb4 */;
CREATE TABLE `email_captcha` (
  `email` char(200) NOT NULL,
  `captcha` char(10) NOT NULL,
  `create_time` datetime DEFAULT NULL,
  PRIMARY KEY (`email`)
) ENGINE=InnoDB DEFAULT CHARSET=utf8mb4 COLLATE=utf8mb4_0900_ai_ci;
/*!40101 SET character_set_client = @saved_cs_client */;

--
-- Dumping data for table `email_captcha`
--

LOCK TABLES `email_captcha` WRITE;
/*!40000 ALTER TABLE `email_captcha` DISABLE KEYS */;
INSERT INTO `email_captcha` VALUES ('2272393014@qq.com','b4zFOK','2023-04-16 17:39:05'),('2280463079@qq.com','6qcQbr','2023-04-12 21:15:21'),('2334201198@qq.com','GImqHw','2023-04-15 22:15:13'),('example@gmail.com','1DfUPg','2023-04-15 22:24:57'),('ldlfydd@gmail.com','4I2RFC','2023-04-12 21:04:26');
/*!40000 ALTER TABLE `email_captcha` ENABLE KEYS */;
UNLOCK TABLES;

--
-- Table structure for table `fee_des`
--

DROP TABLE IF EXISTS `fee_des`;
/*!40101 SET @saved_cs_client     = @@character_set_client */;
/*!50503 SET character_set_client = utf8mb4 */;
CREATE TABLE `fee_des` (
  `id` int NOT NULL AUTO_INCREMENT,
  `name` char(100) NOT NULL,
  `description` char(250) NOT NULL,
  `product_id` int DEFAULT NULL,
  PRIMARY KEY (`id`),
  KEY `product_id` (`product_id`),
  CONSTRAINT `fee_des_ibfk_1` FOREIGN KEY (`product_id`) REFERENCES `product` (`id`) ON DELETE CASCADE ON UPDATE CASCADE
) ENGINE=InnoDB AUTO_INCREMENT=65 DEFAULT CHARSET=utf8mb4 COLLATE=utf8mb4_0900_ai_ci;
/*!40101 SET character_set_client = @saved_cs_client */;

--
-- Dumping data for table `fee_des`
--

LOCK TABLES `fee_des` WRITE;
/*!40000 ALTER TABLE `fee_des` DISABLE KEYS */;
INSERT INTO `fee_des` VALUES (1,'Admission to Statue of Liberty','Includes ferry ride and audio tour',17),(2,'Broadway Show Tickets','Premium seating for one show',17),(3,'Airport Transportation','Round-trip transportation between airport and hotel',17),(4,'Entrance fee','Admission fee to tourist sites',18),(5,'Transportation fee','Cost of transportation during the tour',18),(9,'Entrance fee','Includes admission to all attractions visited on the tour.',20),(10,'Meals','Lunch on both days included in the price.',20),(11,'Transportation','Round-trip transportation to and from your hotel included.',20),(12,'Admission fee','Admission to attractions included',21),(13,'Transportation fee','Transportation fees included',21),(14,'Admission fee','Admission to attractions included',22),(15,'Transportation fee','Transportation fees included',22),(16,'Admission fee','Admission to attractions included',25),(17,'Transportation fee','Transportation fees included',25),(18,'Admission fees','Entrance fees to parks and museums are included.',26),(19,'Transportation fees','Transportation from and to the airport is included.',26),(20,'Museum tickets','Admission to Louvre and Musée d\'Orsay included',27),(21,'Bike rental','Rental of bike for city tour included',27),(22,'Admission Fees','Includes entrance fees to all museums and attractions',28),(23,'Transportation','Includes transportation by train and private coach',28),(24,'Accommodation','Includes 6 nights stay in luxury hotels',28),(34,'Admission Fees','Includes entrance fees to all attractions',33),(35,'Transportation','Includes private car transportation to all destinations',33),(36,'Accommodation','Includes 9 nights stay in luxury hotels',33),(37,'Admission Fees','Includes entrance fees to all parks and reserves',36),(38,'Transportation','Includes 4x4 Jeep transportation to all destinations',36),(39,'Accommodation','Includes 6 nights stay in a safari lodge with all meals included',36),(40,'Entrance fees','Includes admission to all attractions',37),(41,'Transportation','Includes transportation during the tour',37),(42,'Admission Fees','Includes entrance fees to all attractions on the itinerary.',38),(43,'Transportation','Includes transportation to and from the airport, as well as all transportation within Dublin.',38),(44,'Meals','Includes breakfast and lunch on both days of the tour.',38),(45,'Admission to Statue of Liberty','Includes ferry ride and audio tour',9),(46,'Broadway Show Tickets','Premium seating for one show',9),(47,'Airport Transportation','Round-trip transportation between airport and hotel',9),(48,'Entrance Fees','Included',11),(49,'Meals','Not Included',11),(50,'Admission fee','Admission fee to tourist attractions.',15),(51,'Transportation fee','Transportation fee during the tour.',15),(52,'Entrance Fees','Fees for national park entrance.\"\n',39),(53,'Meals','Meals are provided on this tour',39),(54,'Entrance Fee','Includes admission to attractions',40),(55,'Transportation Fee','Covers transportation during the tour',40),(59,'Admission Fee','Includes entrance to the Leaning Tower of Pisa.',42),(60,'Guided Tour','Expert guide service during the visit.',42),(61,'Transportation','Round-trip transportation from the hotel to the attraction.',42),(62,'Admission tickets','Included in tour price',43),(63,'Audio guide','Extra $5 per person',43),(64,'Lunch','Not included in tour price',43);
/*!40000 ALTER TABLE `fee_des` ENABLE KEYS */;
UNLOCK TABLES;

--
-- Table structure for table `like`
--

DROP TABLE IF EXISTS `like`;
/*!40101 SET @saved_cs_client     = @@character_set_client */;
/*!50503 SET character_set_client = utf8mb4 */;
CREATE TABLE `like` (
  `id` int NOT NULL AUTO_INCREMENT,
  `user_id` int DEFAULT NULL,
  `comment_id` int DEFAULT NULL,
  PRIMARY KEY (`id`),
  KEY `comment_id` (`comment_id`),
  KEY `user_id` (`user_id`),
  CONSTRAINT `like_ibfk_1` FOREIGN KEY (`comment_id`) REFERENCES `comment` (`id`) ON DELETE CASCADE ON UPDATE CASCADE,
  CONSTRAINT `like_ibfk_2` FOREIGN KEY (`user_id`) REFERENCES `user` (`user_id`) ON DELETE CASCADE ON UPDATE CASCADE
) ENGINE=InnoDB DEFAULT CHARSET=utf8mb4 COLLATE=utf8mb4_0900_ai_ci;
/*!40101 SET character_set_client = @saved_cs_client */;

--
-- Dumping data for table `like`
--

LOCK TABLES `like` WRITE;
/*!40000 ALTER TABLE `like` DISABLE KEYS */;
/*!40000 ALTER TABLE `like` ENABLE KEYS */;
UNLOCK TABLES;

--
-- Table structure for table `notice`
--

DROP TABLE IF EXISTS `notice`;
/*!40101 SET @saved_cs_client     = @@character_set_client */;
/*!50503 SET character_set_client = utf8mb4 */;
CREATE TABLE `notice` (
  `id` int NOT NULL AUTO_INCREMENT,
  `type` char(50) DEFAULT NULL,
  `status` enum('NEW','OLD') DEFAULT NULL,
  `title` char(200) DEFAULT NULL,
  `time` datetime DEFAULT NULL,
  `content` text,
  `user_id` int DEFAULT NULL,
  PRIMARY KEY (`id`),
  KEY `user_id` (`user_id`),
  CONSTRAINT `notice_ibfk_1` FOREIGN KEY (`user_id`) REFERENCES `user` (`user_id`) ON DELETE CASCADE ON UPDATE CASCADE
) ENGINE=InnoDB AUTO_INCREMENT=4 DEFAULT CHARSET=utf8mb4 COLLATE=utf8mb4_0900_ai_ci;
/*!40101 SET character_set_client = @saved_cs_client */;

--
-- Dumping data for table `notice`
--

LOCK TABLES `notice` WRITE;
/*!40000 ALTER TABLE `notice` DISABLE KEYS */;
INSERT INTO `notice` VALUES (1,'1','NEW','123','2023-05-04 18:34:36','Your order to Beijing has been confirmed',2),(2,'2','OLD','111','2023-05-04 18:34:39','Your flight to Beijing has changed.',2),(3,'2','OLD','111','2023-05-04 18:34:39','Welcome to Tabibito',2);
/*!40000 ALTER TABLE `notice` ENABLE KEYS */;
UNLOCK TABLES;

--
-- Table structure for table `order`
--

DROP TABLE IF EXISTS `order`;
/*!40101 SET @saved_cs_client     = @@character_set_client */;
/*!50503 SET character_set_client = utf8mb4 */;
CREATE TABLE `order` (
  `id` int NOT NULL AUTO_INCREMENT,
  `user_id` int NOT NULL,
  `product_id` int NOT NULL,
  `create_time` datetime DEFAULT NULL,
  `order_status` enum('Processing','Cancelled','Completed') DEFAULT NULL,
  `product_number` int NOT NULL,
  PRIMARY KEY (`id`),
  KEY `product_id` (`product_id`),
  KEY `user_id` (`user_id`),
  CONSTRAINT `order_ibfk_1` FOREIGN KEY (`product_id`) REFERENCES `product` (`id`) ON DELETE CASCADE ON UPDATE CASCADE,
  CONSTRAINT `order_ibfk_2` FOREIGN KEY (`user_id`) REFERENCES `user` (`user_id`) ON DELETE CASCADE ON UPDATE CASCADE
) ENGINE=InnoDB AUTO_INCREMENT=9 DEFAULT CHARSET=utf8mb4 COLLATE=utf8mb4_0900_ai_ci;
/*!40101 SET character_set_client = @saved_cs_client */;

--
-- Dumping data for table `order`
--

LOCK TABLES `order` WRITE;
/*!40000 ALTER TABLE `order` DISABLE KEYS */;
INSERT INTO `order` VALUES (2,2,9,'2023-04-04 19:52:50','Completed',2),(3,2,9,'2023-01-26 19:53:17','Cancelled',3),(4,2,11,'2023-01-16 19:54:40','Completed',4),(5,2,15,'2023-04-16 16:42:36','Cancelled',5),(6,2,17,'2023-04-16 16:57:03','Completed',6),(7,2,18,'2023-04-16 16:57:14','Cancelled',3);
/*!40000 ALTER TABLE `order` ENABLE KEYS */;
UNLOCK TABLES;

--
-- Table structure for table `product`
--

DROP TABLE IF EXISTS `product`;
/*!40101 SET @saved_cs_client     = @@character_set_client */;
/*!50503 SET character_set_client = utf8mb4 */;
CREATE TABLE `product` (
  `id` int NOT NULL AUTO_INCREMENT,
  `name` char(250) NOT NULL,
  `description` text NOT NULL,
  `group_number` int NOT NULL,
  `raw_loc` char(100) NOT NULL,
  `map_latitude` float NOT NULL,
  `map_longitude` float NOT NULL,
  `map_zoom` float NOT NULL,
  `discount` float DEFAULT NULL,
  `currency` char(200) NOT NULL,
  `ori_price` float NOT NULL,
  `start_time` datetime NOT NULL,
  `end_time` datetime NOT NULL,
  `app_ddl` datetime NOT NULL,
  `status` enum('Delisted','Launched') DEFAULT NULL,
  `flight` char(50) DEFAULT NULL,
  `url_3d` char(100) DEFAULT NULL,
  PRIMARY KEY (`id`)
) ENGINE=InnoDB AUTO_INCREMENT=44 DEFAULT CHARSET=utf8mb4 COLLATE=utf8mb4_0900_ai_ci;
/*!40101 SET character_set_client = @saved_cs_client */;

--
-- Dumping data for table `product`
--

LOCK TABLES `product` WRITE;
/*!40000 ALTER TABLE `product` DISABLE KEYS */;
INSERT INTO `product` VALUES (9,'Weekend Getaway in New York City','Experience the best of the Big Apple in just a weekend! Take in iconic sights, savor local cuisine, and shop your heart out.',10,'New York City, New York',40.7128,-74.006,12,0.2,'USD',999.99,'2023-07-26 13:20:00','2023-07-28 16:00:00','2023-07-25 16:00:00','Delisted','EI68','https://p3d.in/e/efVI1'),(11,'Discovering Beijing\'s Hidden Gems','Get off the beaten path and explore Beijing\'s lesser-known treasures with our expert guides.',10,'Beijing, China',39.9042,116.407,12,0.8,'CNY',300,'2023-07-31 10:40:00','2023-08-02 10:40:00','2023-07-27 02:40:00','Launched','EI422',''),(15,'Explore Japan','Experience the beauty and culture of Japan with this 7-day tour.',10,'Tokyo, Japan',35.6895,139.692,12,0.75,'USD',1500,'2023-05-21 08:00:00','2023-05-28 08:00:00','2023-05-16 18:40:00','Launched','AA8111',''),(17,'Big Apple','Experience the best of the Big Apple in just a weekend! Take in iconic sights, savor local cuisine, and shop your heart out.',10,'New York City, New York',40.7128,-74.006,12,0.2,'USD',999.99,'2023-07-26 13:20:00','2023-07-28 16:00:00','2023-07-25 16:00:00','Launched','BA6122',''),(18,'Discover the Ancient Wonders of Xi\'an: 10-Day Adventure','Discover the ancient wonders of Xi\'an, one of China\'s oldest cities',10,'Xi\'an, Shaanxi Province, China',34.3416,108.94,12,0.75,'USD',1200,'2023-07-18 08:00:00','2023-07-26 10:39:59','2023-07-10 02:40:00','Launched','HU751',''),(20,'Discovering the Best of Qingdao in 2 Days','Explore the best of Qingdao in 2 days with our guided tour. From its famous beaches to its historic architecture, get to know this charming coastal city and its rich cultural heritage.',10,'Qingdao, Shandong, China',36.0671,120.383,12,0.8,'CNY',279.99,'2023-07-31 13:20:00','2023-08-01 13:20:00','2023-07-29 18:40:00','Launched','QR19',''),(21,'3-Day Hong Kong Tour','Experience the vibrant culture and attractions of Hong Kong on this 3-day tour.',10,'Hong Kong',22.284,114.158,11,0.8,'HKD',500,'2023-11-26 10:40:00','2023-11-28 10:40:00','2023-11-21 16:00:00','Launched','EI776',''),(22,'1-Day Los Angeles Tour','Discover the highlights of Los Angeles in just one day!',20,'Los Angeles',34.0522,-118.244,10,0.9,'USD',100,'2023-06-02 05:20:00','2023-06-03 05:20:00','2023-05-27 05:20:00','Launched','FR1024',''),(25,'3-Day Yunnan Primitive Forest Tour','Discover the beauty of Yunnan\'s primitive forests on this 3-day tour.',15,'Yunnan, China',24.4753,101.343,7,0.9,'CNY',800,'2023-05-28 10:40:00','2023-05-31 10:40:00','2023-05-22 10:40:00','Launched','B66854',''),(26,'Majestic Mountains Tour','Experience the awe-inspiring beauty of the Rocky Mountains on this 7-day tour.',15,'Rocky Mountains',40.015,-105.271,10,0.3,'USD',1499.99,'2023-08-31 22:20:00','2023-08-07 22:20:00','2023-08-25 02:20:00','Launched','EI550',''),(27,'Paris Adventure Getaway','Experience the magic of Paris in this 3-day adventure getaway. From iconic landmarks to hidden gems, immerse yourself in the city\'s culture, history, and cuisine.',10,'Paris, France',48.8566,2.3522,12.5,0.6,'EUR',599.99,'2023-07-25 13:20:00','2023-07-27 18:40:00','2023-07-25 12:20:00','Launched','BA836',''),(28,'Discover Germany in 7 Days','Experience the best of Germany in just 7 days! From the historic city of Berlin to the stunning Rhine River Valley, this tour will take you on a journey through the heart of Germany.',20,'Germany',51.1657,10.4515,6.5,0.3,'EUR',2300,'2023-07-21 02:40:00','2023-07-28 02:40:00','2023-07-21 01:40:00','Launched','FR9717',''),(33,'Tropical Paradise Retreat','Escape to a tropical paradise and experience the beauty and culture of Thailand. From the bustling city of Bangkok to the tranquil beaches of Phuket, this 10-day retreat will leave you feeling rejuvenated and inspired.',10,'Thailand',15.87,100.993,6.5,0.2,'THB',3200,'2023-06-17 00:00:00','2023-06-02 02:40:00','2023-06-16 02:40:00','Launched','EI154',''),(36,'Safari Adventure','Get ready for an unforgettable safari adventure in South Africa! Explore the breathtaking natural beauty of the African savannah and see incredible wildlife up close. This 7-day trip includes everything you need to make the most of your safari experience.',8,'South Africa',-28.5306,24.5928,6.5,0.1,'ZAR',5500,'2023-11-23 21:20:00','2023-11-30 21:20:00','2023-11-23 00:00:00','Launched','BA5954',''),(37,'Innovative London Tour','Experience the best of London on this innovative tour!',10,'London, United Kingdom',51.5074,-0.1278,12,0.6,'USD',2500,'2023-07-06 08:40:00','2023-07-11 01:20:00','2023-07-04 08:40:00','Launched','LX407',''),(38,'Dublin 2-Day Tour','Experience the beauty and charm of Dublin on this 2-day tour. Explore the city\'s historic landmarks and vibrant culture, and sample traditional Irish cuisine.',10,'Dublin, Ireland',53.3498,-6.2603,12,0.75,'EUR',289.99,'2023-12-03 08:00:00','2023-12-10 08:00:00','2023-12-03 08:00:00','Launched','AA6765',''),(39,'Australian Adventure','Experience the beauty of Australia on this thrilling adventure tour!\n',55,'Sydney, Australia',-33.8688,151.209,10,0.8,'USD',1299.99,'2023-06-08 00:00:00','2023-06-11 00:00:00','2023-06-06 00:00:00','Launched','FR211',''),(40,'Kuala Lumpur Tour','Discover the beauty of Kuala Lumpur',10,'Kuala Lumpur',101.687,3.139,12,0.8,'USD',250,'2023-11-26 08:00:00','2023-12-03 08:00:00','2023-11-26 08:00:00','Launched','ABC123 DEF456','https://p3d.in/e/8Csxr'),(42,'Leaning Tower of Pisa Tour','Experience the iconic Leaning Tower of Pisa and learn about its fascinating history and architectural marvel.',15,'Leaning Tower of Pisa, Piazza del Duomo, 56126 Pisa PI, Italy',43.723,10.3966,16,0.25,'EUR',80,'2023-11-05 08:00:00','2023-11-12 08:00:00','2023-11-05 08:00:00','Launched','AZ1234 LH5678 BA9012','https://p3d.in/e/jvQSb'),(43,'Explore Ancient Rome','Discover the secrets of ancient Rome with our expert guides. Explore the Colosseum, Roman Forum, and Palatine Hill and immerse yourself in the history and culture of this fascinating city.',10,'Rome, Italy',41.9028,12.4964,13.5,0.7,'EUR',199.99,'2023-11-12 08:00:00','2023-11-19 08:00:00','2023-11-12 08:00:00','Launched','AA1234 BA5678','https://p3d.in/e/tXr3f');
/*!40000 ALTER TABLE `product` ENABLE KEYS */;
UNLOCK TABLES;

--
-- Table structure for table `product_picture`
--

DROP TABLE IF EXISTS `product_picture`;
/*!40101 SET @saved_cs_client     = @@character_set_client */;
/*!50503 SET character_set_client = utf8mb4 */;
CREATE TABLE `product_picture` (
  `id` int NOT NULL AUTO_INCREMENT,
  `address` char(250) NOT NULL,
  `type` enum('Cover','Banner','Gallery') DEFAULT NULL,
  `product_id` int DEFAULT NULL,
  PRIMARY KEY (`id`),
  KEY `product_id` (`product_id`),
  CONSTRAINT `product_picture_ibfk_1` FOREIGN KEY (`product_id`) REFERENCES `product` (`id`) ON DELETE CASCADE ON UPDATE CASCADE
) ENGINE=InnoDB AUTO_INCREMENT=231 DEFAULT CHARSET=utf8mb4 COLLATE=utf8mb4_0900_ai_ci;
/*!40101 SET character_set_client = @saved_cs_client */;

--
-- Dumping data for table `product_picture`
--

LOCK TABLES `product_picture` WRITE;
/*!40000 ALTER TABLE `product_picture` DISABLE KEYS */;
INSERT INTO `product_picture` VALUES (9,'https://images.unsplash.com/photo-1477862096227-3a1bb3b08330?ixlib=rb-4.0.3&ixid=MnwxMjA3fDB8MHxwaG90by1wYWdlfHx8fGVufDB8fHx8&auto=format&fit=crop&w=870&q=80','Cover',9),(10,'https://images.unsplash.com/photo-1500916434205-0c77489c6cf7?ixlib=rb-4.0.3&ixid=MnwxMjA3fDB8MHxzZWFyY2h8MjJ8fE5ldyUyMFlvcmslMjBDaXR5fGVufDB8fDB8fA%3D%3D&auto=format&fit=crop&w=500&q=60','Banner',9),(11,'https://images.unsplash.com/photo-1527267207156-3372670819dc?ixlib=rb-4.0.3&ixid=MnwxMjA3fDB8MHxzZWFyY2h8Nnx8TmV3JTIwWW9yayUyMENpdHl8ZW58MHx8MHx8&auto=format&fit=crop&w=500&q=60','Banner',9),(12,'https://images.unsplash.com/photo-1553613600-cc662dc488f4?ixlib=rb-4.0.3&ixid=MnwxMjA3fDB8MHxzZWFyY2h8MjN8fE5ldyUyMFlvcmslMjBDaXR5fGVufDB8fDB8fA%3D%3D&auto=format&fit=crop&w=500&q=60','Gallery',9),(13,'https://images.unsplash.com/photo-1514565131-fce0801e5785?ixlib=rb-4.0.3&ixid=MnwxMjA3fDB8MHxzZWFyY2h8NDB8fE5ldyUyMFlvcmslMjBDaXR5fGVufDB8fDB8fA%3D%3D&auto=format&fit=crop&w=500&q=60','Gallery',9),(20,'https://images.unsplash.com/photo-1620964780032-81ef649db4d9?ixlib=rb-4.0.3&ixid=MnwxMjA3fDB8MHxzZWFyY2h8M3x8YmVpamluZ3xlbnwwfHwwfHw%3D&auto=format&fit=crop&w=500&q=60','Cover',11),(21,'https://images.unsplash.com/photo-1582554708233-d04581f41460?ixlib=rb-4.0.3&ixid=MnwxMjA3fDB8MHxzZWFyY2h8Mzh8fGJlaWppbmd8ZW58MHx8MHx8&auto=format&fit=crop&w=500&q=60','Banner',11),(22,'https://images.unsplash.com/photo-1603120527222-33f28c2ce89e?ixlib=rb-4.0.3&ixid=MnwxMjA3fDB8MHxzZWFyY2h8MTB8fGJlaWppbmd8ZW58MHx8MHx8&auto=format&fit=crop&w=500&q=60','Banner',11),(23,'https://images.unsplash.com/photo-1599335731600-9c051b5ac168?ixlib=rb-4.0.3&ixid=MnwxMjA3fDB8MHxzZWFyY2h8NDB8fGJlaWppbmd8ZW58MHx8MHx8&auto=format&fit=crop&w=500&q=60','Gallery',11),(24,'https://images.unsplash.com/photo-1547981609-4b6bfe67ca0b?ixlib=rb-4.0.3&ixid=MnwxMjA3fDB8MHxzZWFyY2h8NzJ8fGJlaWppbmd8ZW58MHx8MHx8&auto=format&fit=crop&w=500&q=60','Gallery',11),(25,'https://images.unsplash.com/photo-1618920915924-1e993933154d?ixlib=rb-4.0.3&ixid=MnwxMjA3fDB8MHxzZWFyY2h8Nzd8fGJlaWppbmd8ZW58MHx8MHx8&auto=format&fit=crop&w=500&q=60','Gallery',11),(40,'https://images.unsplash.com/photo-1490806843957-31f4c9a91c65?ixlib=rb-4.0.3&ixid=MnwxMjA3fDB8MHxzZWFyY2h8OXx8SmFwYW58ZW58MHx8MHx8&auto=format&fit=crop&w=500&q=60','Cover',15),(41,'https://images.unsplash.com/photo-1526481280693-3bfa7568e0f3?ixlib=rb-4.0.3&ixid=MnwxMjA3fDB8MHxzZWFyY2h8M3x8SmFwYW58ZW58MHx8MHx8&auto=format&fit=crop&w=500&q=60','Banner',15),(42,'https://plus.unsplash.com/premium_photo-1673698463068-78886b3a7081?ixlib=rb-4.0.3&ixid=MnwxMjA3fDB8MHxzZWFyY2h8MTN8fEphcGFufGVufDB8fDB8fA%3D%3D&auto=format&fit=crop&w=500&q=60','Banner',15),(43,'https://images.unsplash.com/photo-1524413840807-0c3cb6fa808d?ixlib=rb-4.0.3&ixid=MnwxMjA3fDB8MHxzZWFyY2h8MTJ8fEphcGFufGVufDB8fDB8fA%3D%3D&auto=format&fit=crop&w=500&q=60','Gallery',15),(44,'https://images.unsplash.com/photo-1491884662610-dfcd28f30cfb?ixlib=rb-4.0.3&ixid=MnwxMjA3fDB8MHxzZWFyY2h8MTd8fEphcGFufGVufDB8fDB8fA%3D%3D&auto=format&fit=crop&w=500&q=60','Gallery',15),(45,'https://images.unsplash.com/photo-1493589976221-c2357c31ad77?ixlib=rb-4.0.3&ixid=MnwxMjA3fDB8MHxzZWFyY2h8Mjl8fEphcGFufGVufDB8fDB8fA%3D%3D&auto=format&fit=crop&w=500&q=60','Gallery',15),(46,'https://images.unsplash.com/photo-1557409518-691ebcd96038?ixlib=rb-4.0.3&ixid=MnwxMjA3fDB8MHxzZWFyY2h8Mjh8fEphcGFufGVufDB8fDB8fA%3D%3D&auto=format&fit=crop&w=500&q=60','Gallery',15),(47,'https://images.unsplash.com/photo-1565300957216-77f3a208130f?ixlib=rb-4.0.3&ixid=MnwxMjA3fDB8MHxzZWFyY2h8MTA3fHxOZXclMjBZb3JrJTIwQ2l0eXxlbnwwfHwwfHw%3D&auto=format&fit=crop&w=500&q=60','Cover',17),(48,'https://images.unsplash.com/photo-1529619768328-e37af76c6fe5?ixlib=rb-4.0.3&ixid=MnwxMjA3fDB8MHxzZWFyY2h8MTA0fHxOZXclMjBZb3JrJTIwQ2l0eXxlbnwwfHwwfHw%3D&auto=format&fit=crop&w=500&q=60','Banner',17),(49,'https://images.unsplash.com/photo-1585845597714-b4abdc6824fb?ixlib=rb-4.0.3&ixid=MnwxMjA3fDB8MHxzZWFyY2h8MTE2fHxOZXclMjBZb3JrJTIwQ2l0eXxlbnwwfHwwfHw%3D&auto=format&fit=crop&w=500&q=60','Gallery',17),(50,'https://images.unsplash.com/photo-1499566727020-881da110a0b0?ixlib=rb-4.0.3&ixid=MnwxMjA3fDB8MHxzZWFyY2h8MTE3fHxOZXclMjBZb3JrJTIwQ2l0eXxlbnwwfHwwfHw%3D&auto=format&fit=crop&w=500&q=60','Gallery',17),(51,'https://images.unsplash.com/photo-1438026979266-4918f93a4006?ixlib=rb-4.0.3&ixid=MnwxMjA3fDB8MHxzZWFyY2h8MTM1fHxOZXclMjBZb3JrJTIwQ2l0eXxlbnwwfHwwfHw%3D&auto=format&fit=crop&w=500&q=60','Gallery',17),(57,'https://media.istockphoto.com/id/1318795666/photo/chinese-temple-qing-long-temple-xi-an-china-in-sunset.jpg?b=1&s=612x612&w=0&k=20&c=nL93awz3Bhfs2cJyYX3WLuJC1NLpBZoZ_FD-QgGzrJ4=','Cover',18),(58,'https://images.pexels.com/photos/12035287/pexels-photo-12035287.jpeg?auto=compress&cs=tinysrgb&w=1600','Banner',18),(59,'https://images.unsplash.com/photo-1569685794205-a8fc87049f5d?ixlib=rb-4.0.3&ixid=MnwxMjA3fDB8MHxzZWFyY2h8Mnx8eGklMjBhbnxlbnwwfHwwfHw%3D&auto=format&fit=crop&w=500&q=60','Banner',18),(60,'https://media.istockphoto.com/id/146864795/photo/terracotta-army.jpg?b=1&s=612x612&w=0&k=20&c=tYWmACboTpvaoHxneguSDpevFgrB32hhz9NDLwaXLdU=','Gallery',18),(61,'https://media.istockphoto.com/id/169998749/photo/terracotta-warriors-of-xian-china.jpg?b=1&s=612x612&w=0&k=20&c=wRqStetkaQYOSgnT-05H5VPY_U8zXxMIuDg1lcjzT1I=','Gallery',18),(62,'https://images.pexels.com/photos/12035287/pexels-photo-12035287.jpeg?auto=compress&cs=tinysrgb&w=1600','Gallery',18),(63,'https://images.pexels.com/photos/5998743/pexels-photo-5998743.jpeg?auto=compress&cs=tinysrgb&w=1600','Gallery',18),(70,'https://images.pexels.com/photos/13331526/pexels-photo-13331526.jpeg?auto=compress&cs=tinysrgb&w=1600','Cover',20),(71,'https://media.istockphoto.com/id/690247952/photo/beautiful-qingdao-scenery.jpg?b=1&s=612x612&w=0&k=20&c=Fkwq-qJUJcKsDSKuONUc1tF_SMaQMXmZ4AZ2QgV92QY=','Banner',20),(72,'https://media.istockphoto.com/id/1064061190/photo/aerial-view-of-qingdao-cityscape-under-cloudy-sky.jpg?b=1&s=612x612&w=0&k=20&c=mFdwC-iA3mm41WcQ-qdT4RLMTJ4A6WuekjOTXGHm2_Q=','Banner',20),(110,'https://media.istockphoto.com/id/1321851804/photo/cargo-containers-at-qingdao-port-in-china-asia.jpg?b=1&s=612x612&w=0&k=20&c=o_scfBowZy3aq4kMgwWNA2Q0YRNPk92FUG_z27J30UM=','Gallery',20),(111,'https://media.istockphoto.com/id/1320460210/photo/aerial-photography-of-architectural-landscape-skyline-of-qingdao-city-coastline.jpg?b=1&s=612x612&w=0&k=20&c=jNeQIpSw6_2yfF15G9jHHCQFSyXd91-khoF7IfdpY','Gallery',20),(112,'https://images.pexels.com/photos/13833130/pexels-photo-13833130.jpeg?auto=compress&cs=tinysrgb&w=1600','Gallery',20),(113,'https://images.unsplash.com/photo-1600950669947-1c1f06242027?ixlib=rb-4.0.3&ixid=MnwxMjA3fDB8MHxzZWFyY2h8M3x8cWluZ2Rhb3xlbnwwfHwwfHw%3D&auto=format&fit=crop&w=500&q=60','Gallery',20),(114,'https://images.unsplash.com/photo-1610083450353-5325acf2ba09?ixlib=rb-4.0.3&ixid=MnwxMjA3fDB8MHxzZWFyY2h8N3x8cWluZ2Rhb3xlbnwwfHwwfHw%3D&auto=format&fit=crop&w=500&q=60','Gallery',20),(115,'https://images.unsplash.com/photo-1576788369575-4ab045b9287e?ixlib=rb-4.0.3&ixid=MnwxMjA3fDB8MHxzZWFyY2h8M3x8SG9uZyUyMGtvbmd8ZW58MHx8MHx8&auto=format&fit=crop&w=500&q=60','Cover',21),(116,'https://images.unsplash.com/photo-1533029030467-904d7bbd602b?ixlib=rb-4.0.3&ixid=MnwxMjA3fDB8MHxzZWFyY2h8Nnx8SG9uZyUyMGtvbmd8ZW58MHx8MHx8&auto=format&fit=crop&w=500&q=60','Banner',21),(117,'https://images.unsplash.com/photo-1556015522-8b9b1d56d015?ixlib=rb-4.0.3&ixid=MnwxMjA3fDB8MHxzZWFyY2h8MTB8fEhvbmclMjBrb25nfGVufDB8fDB8fA%3D%3D&auto=format&fit=crop&w=500&q=60','Banner',21),(118,'https://images.unsplash.com/photo-1616394158624-a2ba9cfe2994?ixlib=rb-4.0.3&ixid=MnwxMjA3fDB8MHxzZWFyY2h8OXx8SG9uZyUyMGtvbmd8ZW58MHx8MHx8&auto=format&fit=crop&w=500&q=60','Gallery',21),(119,'https://images.unsplash.com/photo-1594973782943-3314fe063f68?ixlib=rb-4.0.3&ixid=MnwxMjA3fDB8MHxzZWFyY2h8MTZ8fEhvbmclMjBrb25nfGVufDB8fDB8fA%3D%3D&auto=format&fit=crop&w=500&q=60','Gallery',21),(120,'https://images.unsplash.com/photo-1515185500307-65d052ffba10?ixlib=rb-4.0.3&ixid=MnwxMjA3fDB8MHxzZWFyY2h8MjB8fEhvbmclMjBrb25nfGVufDB8fDB8fA%3D%3D&auto=format&fit=crop&w=500&q=60','Gallery',21),(121,'https://images.pexels.com/photos/2525903/pexels-photo-2525903.jpeg?auto=compress&cs=tinysrgb&w=1600','Cover',22),(122,'https://images.pexels.com/photos/11897868/pexels-photo-11897868.jpeg?auto=compress&cs=tinysrgb&w=1600','Banner',22),(123,'https://images.unsplash.com/photo-1515896769750-31548aa180ed?ixlib=rb-4.0.3&ixid=MnwxMjA3fDB8MHxzZWFyY2h8M3x8bG9zJTIwYW5nZWxlc3xlbnwwfHwwfHw%3D&auto=format&fit=crop&w=500&q=60','Banner',22),(124,'https://images.unsplash.com/photo-1534190760961-74e8c1c5c3da?ixlib=rb-4.0.3&ixid=MnwxMjA3fDB8MHxzZWFyY2h8MTR8fGxvcyUyMGFuZ2VsZXN8ZW58MHx8MHx8&auto=format&fit=crop&w=500&q=60','Gallery',22),(125,'https://images.unsplash.com/photo-1540155945626-66eacf57fcb9?ixlib=rb-4.0.3&ixid=MnwxMjA3fDB8MHxzZWFyY2h8MTV8fGxvcyUyMGFuZ2VsZXN8ZW58MHx8MHx8&auto=format&fit=crop&w=500&q=60','Gallery',22),(126,'https://images.unsplash.com/photo-1574910844753-9f49dd2af188?ixlib=rb-4.0.3&ixid=MnwxMjA3fDB8MHxzZWFyY2h8MjZ8fGxvcyUyMGFuZ2VsZXN8ZW58MHx8MHx8&auto=format&fit=crop&w=500&q=60','Gallery',22),(127,'https://images.unsplash.com/photo-1503435980610-a51f3ddfee50?ixlib=rb-4.0.3&ixid=MnwxMjA3fDB8MHxzZWFyY2h8MXx8WXVubmFuJTIwUHJpbWl0aXZlJTIwRm9yZXN0fGVufDB8fDB8fA%3D%3D&auto=format&fit=crop&w=500&q=60','Cover',25),(128,'https://images.unsplash.com/photo-1507041957456-9c397ce39c97?ixlib=rb-4.0.3&ixid=MnwxMjA3fDB8MHxzZWFyY2h8NXx8WXVubmFuJTIwUHJpbWl0aXZlJTIwRm9yZXN0fGVufDB8fDB8fA%3D%3D&auto=format&fit=crop&w=500&q=60','Banner',25),(129,'https://images.unsplash.com/photo-1476231682828-37e571bc172f?ixlib=rb-4.0.3&ixid=MnwxMjA3fDB8MHxzZWFyY2h8M3x8WXVubmFuJTIwUHJpbWl0aXZlJTIwRm9yZXN0fGVufDB8fDB8fA%3D%3D&auto=format&fit=crop&w=500&q=60','Banner',25),(130,'https://images.unsplash.com/photo-1511207538754-e8555f2bc187?ixlib=rb-4.0.3&ixid=MnwxMjA3fDB8MHxzZWFyY2h8MTR8fFl1bm5hbiUyMFByaW1pdGl2ZSUyMEZvcmVzdHxlbnwwfHwwfHw%3D&auto=format&fit=crop&w=500&q=60','Gallery',25),(131,'https://images.unsplash.com/photo-1445964047600-cdbdb873673d?ixlib=rb-4.0.3&ixid=MnwxMjA3fDB8MHxzZWFyY2h8MTl8fFl1bm5hbiUyMFByaW1pdGl2ZSUyMEZvcmVzdHxlbnwwfHwwfHw%3D&auto=format&fit=crop&w=500&q=60','Gallery',25),(132,'https://images.unsplash.com/photo-1509599589979-3b5a15d2816e?ixlib=rb-4.0.3&ixid=MnwxMjA3fDB8MHxzZWFyY2h8Mjd8fFl1bm5hbiUyMFByaW1pdGl2ZSUyMEZvcmVzdHxlbnwwfHwwfHw%3D&auto=format&fit=crop&w=500&q=60','Gallery',25),(133,'https://images.unsplash.com/photo-1563242152-568e5de6f2b8?ixlib=rb-4.0.3&ixid=MnwxMjA3fDB8MHxzZWFyY2h8Mnx8Um9ja3klMjBNb3VudGFpbnN8ZW58MHx8MHx8&auto=format&fit=crop&w=500&q=60','Cover',26),(134,'https://images.unsplash.com/photo-1559881907-05434114f453?ixlib=rb-4.0.3&ixid=MnwxMjA3fDB8MHxzZWFyY2h8NXx8Um9ja3klMjBNb3VudGFpbnN8ZW58MHx8MHx8&auto=format&fit=crop&w=500&q=60','Banner',26),(135,'https://images.unsplash.com/photo-1551411444-d4d4b91e729e?ixlib=rb-4.0.3&ixid=MnwxMjA3fDB8MHxzZWFyY2h8NHx8Um9ja3klMjBNb3VudGFpbnN8ZW58MHx8MHx8&auto=format&fit=crop&w=500&q=60','Banner',26),(136,'https://plus.unsplash.com/premium_photo-1674378737679-ec8f75e8c0fe?ixlib=rb-4.0.3&ixid=MnwxMjA3fDB8MHxzZWFyY2h8MTN8fFJvY2t5JTIwTW91bnRhaW5zfGVufDB8fDB8fA%3D%3D&auto=format&fit=crop&w=500&q=60','Gallery',26),(137,'https://images.unsplash.com/photo-1606620326829-168700925b2c?ixlib=rb-4.0.3&ixid=MnwxMjA3fDB8MHxzZWFyY2h8MTV8fFJvY2t5JTIwTW91bnRhaW5zfGVufDB8fDB8fA%3D%3D&auto=format&fit=crop&w=500&q=60','Gallery',26),(138,'https://images.unsplash.com/photo-1580319204908-eff9d6f0bd68?ixlib=rb-4.0.3&ixid=MnwxMjA3fDB8MHxzZWFyY2h8MTR8fFJvY2t5JTIwTW91bnRhaW5zfGVufDB8fDB8fA%3D%3D&auto=format&fit=crop&w=500&q=60','Gallery',26),(139,'https://images.unsplash.com/photo-1502602898657-3e91760cbb34?ixlib=rb-4.0.3&ixid=MnwxMjA3fDB8MHxzZWFyY2h8M3x8UGFyaXN8ZW58MHx8MHx8&auto=format&fit=crop&w=500&q=60','Cover',27),(140,'https://images.unsplash.com/photo-1550340499-a6c60fc8287c?ixlib=rb-4.0.3&ixid=MnwxMjA3fDB8MHxzZWFyY2h8Nnx8UGFyaXN8ZW58MHx8MHx8&auto=format&fit=crop&w=500&q=60','Banner',27),(141,'https://images.unsplash.com/photo-1551634979-2b11f8c946fe?ixlib=rb-4.0.3&ixid=MnwxMjA3fDB8MHxzZWFyY2h8MTV8fFBhcmlzfGVufDB8fDB8fA%3D%3D&auto=format&fit=crop&w=500&q=60','Banner',27),(142,'https://images.unsplash.com/photo-1503917988258-f87a78e3c995?ixlib=rb-4.0.3&ixid=MnwxMjA3fDB8MHxzZWFyY2h8MjB8fFBhcmlzfGVufDB8fDB8fA%3D%3D&auto=format&fit=crop&w=500&q=60','Gallery',27),(143,'https://images.unsplash.com/photo-1603378995290-8d4ce0495ddd?ixlib=rb-4.0.3&ixid=MnwxMjA3fDB8MHxzZWFyY2h8MjF8fFBhcmlzfGVufDB8fDB8fA%3D%3D&auto=format&fit=crop&w=500&q=60','Gallery',27),(144,'https://images.unsplash.com/photo-1477089922324-c1deaf4a2242?ixlib=rb-4.0.3&ixid=MnwxMjA3fDB8MHxzZWFyY2h8MzR8fFBhcmlzfGVufDB8fDB8fA%3D%3D&auto=format&fit=crop&w=500&q=60','Gallery',27),(145,'https://images.unsplash.com/photo-1501952476817-d7ae22e8ee4e?ixlib=rb-4.0.3&ixid=MnwxMjA3fDB8MHxzZWFyY2h8Nnx8R2VybWFueXxlbnwwfHwwfHw%3D&auto=format&fit=crop&w=500&q=60','Cover',28),(146,'https://images.unsplash.com/photo-1559564484-e48b3e040ff4?ixlib=rb-4.0.3&ixid=MnwxMjA3fDB8MHxzZWFyY2h8MTF8fEdlcm1hbnl8ZW58MHx8MHx8&auto=format&fit=crop&w=500&q=60','Banner',28),(147,'https://images.unsplash.com/photo-1534313314376-a72289b6181e?ixlib=rb-4.0.3&ixid=MnwxMjA3fDB8MHxzZWFyY2h8MTR8fEdlcm1hbnl8ZW58MHx8MHx8&auto=format&fit=crop&w=500&q=60','Banner',28),(148,'https://images.unsplash.com/photo-1634627219651-70f2c49a5bcd?ixlib=rb-4.0.3&ixid=MnwxMjA3fDB8MHxzZWFyY2h8MTh8fEdlcm1hbnl8ZW58MHx8MHx8&auto=format&fit=crop&w=500&q=60','Gallery',28),(149,'https://images.unsplash.com/photo-1551510438-c2dbb355cc6f?ixlib=rb-4.0.3&ixid=MnwxMjA3fDB8MHxzZWFyY2h8MjJ8fEdlcm1hbnl8ZW58MHx8MHx8&auto=format&fit=crop&w=500&q=60','Gallery',28),(150,'https://images.unsplash.com/photo-1603787935137-58167f55336f?ixlib=rb-4.0.3&ixid=MnwxMjA3fDB8MHxzZWFyY2h8MjN8fEdlcm1hbnl8ZW58MHx8MHx8&auto=format&fit=crop&w=500&q=60','Gallery',28),(169,'https://images.unsplash.com/photo-1528181304800-259b08848526?ixlib=rb-4.0.3&ixid=MnwxMjA3fDB8MHxzZWFyY2h8Mnx8VGhhaWxhbmR8ZW58MHx8MHx8&auto=format&fit=crop&w=500&q=60','Cover',33),(170,'https://images.unsplash.com/photo-1563492065599-3520f775eeed?ixlib=rb-4.0.3&ixid=MnwxMjA3fDB8MHxzZWFyY2h8NHx8VGhhaWxhbmR8ZW58MHx8MHx8&auto=format&fit=crop&w=500&q=60','Banner',33),(171,'https://images.unsplash.com/photo-1506665531195-3566af2b4dfa?ixlib=rb-4.0.3&ixid=MnwxMjA3fDB8MHxzZWFyY2h8NXx8VGhhaWxhbmR8ZW58MHx8MHx8&auto=format&fit=crop&w=500&q=60','Banner',33),(172,'https://images.unsplash.com/photo-1534008897995-27a23e859048?ixlib=rb-4.0.3&ixid=MnwxMjA3fDB8MHxzZWFyY2h8MTF8fFRoYWlsYW5kfGVufDB8fDB8fA%3D%3D&auto=format&fit=crop&w=500&q=60','Gallery',33),(173,'https://images.unsplash.com/photo-1562602833-0f4ab2fc46e3?ixlib=rb-4.0.3&ixid=MnwxMjA3fDB8MHxzZWFyY2h8OXx8VGhhaWxhbmR8ZW58MHx8MHx8&auto=format&fit=crop&w=500&q=60','Gallery',33),(174,'https://images.unsplash.com/photo-1582468546235-9bf31e5bc4a1?ixlib=rb-4.0.3&ixid=MnwxMjA3fDB8MHxzZWFyY2h8MTZ8fFRoYWlsYW5kfGVufDB8fDB8fA%3D%3D&auto=format&fit=crop&w=500&q=60','Gallery',33),(175,'https://images.unsplash.com/photo-1576485375217-d6a95e34d043?ixlib=rb-4.0.3&ixid=MnwxMjA3fDB8MHxzZWFyY2h8M3x8U291dGglMjBBZnJpY2F8ZW58MHx8MHx8&auto=format&fit=crop&w=500&q=60','Cover',36),(176,'https://images.unsplash.com/photo-1599641084223-1f4005486783?ixlib=rb-4.0.3&ixid=MnwxMjA3fDB8MHxzZWFyY2h8MTF8fFNvdXRoJTIwQWZyaWNhfGVufDB8fDB8fA%3D%3D&auto=format&fit=crop&w=500&q=60','Banner',36),(177,'https://images.unsplash.com/photo-1602367381755-effb73319501?ixlib=rb-4.0.3&ixid=MnwxMjA3fDB8MHxzZWFyY2h8MjJ8fFNvdXRoJTIwQWZyaWNhfGVufDB8fDB8fA%3D%3D&auto=format&fit=crop&w=500&q=60','Banner',36),(178,'https://images.unsplash.com/photo-1602578984228-c98a9b995f3e?ixlib=rb-4.0.3&ixid=MnwxMjA3fDB8MHxzZWFyY2h8MjF8fFNvdXRoJTIwQWZyaWNhfGVufDB8fDB8fA%3D%3D&auto=format&fit=crop&w=500&q=60','Gallery',36),(179,'https://images.unsplash.com/photo-1551779074-800dfbabe013?ixlib=rb-4.0.3&ixid=MnwxMjA3fDB8MHxzZWFyY2h8MjN8fFNvdXRoJTIwQWZyaWNhfGVufDB8fDB8fA%3D%3D&auto=format&fit=crop&w=500&q=60','Gallery',36),(180,'https://images.unsplash.com/photo-1504197644482-b75213e44ea9?ixlib=rb-4.0.3&ixid=MnwxMjA3fDB8MHxzZWFyY2h8Mjd8fFNvdXRoJTIwQWZyaWNhfGVufDB8fDB8fA%3D%3D&auto=format&fit=crop&w=500&q=60','Gallery',36),(181,'https://images.unsplash.com/photo-1529655683826-aba9b3e77383?ixlib=rb-4.0.3&ixid=MnwxMjA3fDB8MHxzZWFyY2h8M3x8TG9uZG9ufGVufDB8fDB8fA%3D%3D&auto=format&fit=crop&w=500&q=60','Cover',37),(182,'https://images.unsplash.com/photo-1533929736458-ca588d08c8be?ixlib=rb-4.0.3&ixid=MnwxMjA3fDB8MHxzZWFyY2h8NHx8TG9uZG9ufGVufDB8fDB8fA%3D%3D&auto=format&fit=crop&w=500&q=60','Banner',37),(183,'https://images.unsplash.com/photo-1486299267070-83823f5448dd?ixlib=rb-4.0.3&ixid=MnwxMjA3fDB8MHxzZWFyY2h8Nnx8TG9uZG9ufGVufDB8fDB8fA%3D%3D&auto=format&fit=crop&w=500&q=60','Banner',37),(184,'https://images.unsplash.com/photo-1513026705753-bc3fffca8bf4?ixlib=rb-4.0.3&ixid=MnwxMjA3fDB8MHxzZWFyY2h8OXx8TG9uZG9ufGVufDB8fDB8fA%3D%3D&auto=format&fit=crop&w=500&q=60','Gallery',37),(185,'https://images.unsplash.com/photo-1534374950034-3644ddb72710?ixlib=rb-4.0.3&ixid=MnwxMjA3fDB8MHxzZWFyY2h8MTR8fExvbmRvbnxlbnwwfHwwfHw%3D&auto=format&fit=crop&w=500&q=60','Gallery',37),(186,'https://images.unsplash.com/photo-1502700559166-5792585222ef?ixlib=rb-4.0.3&ixid=MnwxMjA3fDB8MHxzZWFyY2h8MTd8fExvbmRvbnxlbnwwfHwwfHw%3D&auto=format&fit=crop&w=500&q=60','Gallery',37),(187,'https://images.unsplash.com/photo-1549918864-48ac978761a4?ixlib=rb-4.0.3&ixid=MnwxMjA3fDB8MHxzZWFyY2h8Mnx8RHVibGlufGVufDB8fDB8fA%3D%3D&auto=format&fit=crop&w=500&q=60','Cover',38),(188,'https://images.unsplash.com/photo-1575283757439-bc4324f59810?ixlib=rb-4.0.3&ixid=MnwxMjA3fDB8MHxzZWFyY2h8NHx8RHVibGlufGVufDB8fDB8fA%3D%3D&auto=format&fit=crop&w=500&q=60','Banner',38),(189,'https://images.unsplash.com/photo-1605969353711-234dea348ce1?ixlib=rb-4.0.3&ixid=MnwxMjA3fDB8MHxzZWFyY2h8OHx8RHVibGlufGVufDB8fDB8fA%3D%3D&auto=format&fit=crop&w=500&q=60','Banner',38),(190,'https://images.unsplash.com/photo-1602061464448-5859b31eb1b8?ixlib=rb-4.0.3&ixid=MnwxMjA3fDB8MHxzZWFyY2h8MTB8fER1YmxpbnxlbnwwfHwwfHw%3D&auto=format&fit=crop&w=500&q=60','Gallery',38),(191,'https://images.unsplash.com/photo-1630784033384-a912e9b82090?ixlib=rb-4.0.3&ixid=MnwxMjA3fDB8MHxzZWFyY2h8MTJ8fER1YmxpbnxlbnwwfHwwfHw%3D&auto=format&fit=crop&w=500&q=60','Gallery',38),(192,'https://images.unsplash.com/photo-1520361580263-96c088e660a3?ixlib=rb-4.0.3&ixid=MnwxMjA3fDB8MHxzZWFyY2h8MTh8fER1YmxpbnxlbnwwfHwwfHw%3D&auto=format&fit=crop&w=500&q=60','Gallery',38),(193,'https://images.unsplash.com/photo-1553613600-cc662dc488f4?ixlib=rb-4.0.3&ixid=MnwxMjA3fDB8MHxzZWFyY2h8MjN8fE5ldyUyMFlvcmslMjBDaXR5fGVufDB8fDB8fA%3D%3D&auto=format&fit=crop&w=500&q=60','Banner',9),(194,'https://images.unsplash.com/photo-1514565131-fce0801e5785?ixlib=rb-4.0.3&ixid=MnwxMjA3fDB8MHxzZWFyY2h8NDB8fE5ldyUyMFlvcmslMjBDaXR5fGVufDB8fDB8fA%3D%3D&auto=format&fit=crop&w=500&q=60','Banner',9),(195,'https://images.unsplash.com/photo-1599335731600-9c051b5ac168?ixlib=rb-4.0.3&ixid=MnwxMjA3fDB8MHxzZWFyY2h8NDB8fGJlaWppbmd8ZW58MHx8MHx8&auto=format&fit=crop&w=500&q=60','Banner',11),(196,'https://images.unsplash.com/photo-1547981609-4b6bfe67ca0b?ixlib=rb-4.0.3&ixid=MnwxMjA3fDB8MHxzZWFyY2h8NzJ8fGJlaWppbmd8ZW58MHx8MHx8&auto=format&fit=crop&w=500&q=60','Banner',11),(197,'https://images.unsplash.com/photo-1630784033384-a912e9b82090?ixlib=rb-4.0.3&ixid=MnwxMjA3fDB8MHxzZWFyY2h8MTJ8fER1YmxpbnxlbnwwfHwwfHw%3D&auto=format&fit=crop&w=500&q=60','Banner',38),(198,'https://images.unsplash.com/photo-1520361580263-96c088e660a3?ixlib=rb-4.0.3&ixid=MnwxMjA3fDB8MHxzZWFyY2h8MTh8fER1YmxpbnxlbnwwfHwwfHw%3D&auto=format&fit=crop&w=500&q=60','Banner',38),(199,'/Users/wuwenjie/Documents/tabibito_pictures/WechatIMG3655.png','Banner',39),(200,'/Users/wuwenjie/Documents/tabibito_pictures/WechatIMG3656.jpeg','Banner',39),(201,'/Users/wuwenjie/Documents/tabibito_pictures/WechatIMG3655.png','Banner',39),(202,'/Users/wuwenjie/Documents/tabibito_pictures/WechatIMG3656.jpeg','Banner',39),(203,'/Users/wuwenjie/Documents/tabibito_pictures/WechatIMG3657.jpeg','Gallery',39),(204,'/Users/wuwenjie/Documents/tabibito_pictures/WechatIMG3658.png','Gallery',39),(205,'/Users/wuwenjie/Documents/tabibito_pictures/WechatIMG3657.jpeg','Gallery',39),(206,'/Users/wuwenjie/Documents/tabibito_pictures/WechatIMG3658.png','Gallery',39),(207,'https://cdn.pixabay.com/photo/2019/05/15/18/27/kuala-lumpur-4205654_640.jpg','Cover',40),(208,'https://cdn.pixabay.com/photo/2015/12/13/06/34/batu-1090747_640.jpg','Banner',40),(209,'https://cdn.pixabay.com/photo/2017/09/06/09/40/kuala-lumpur-2720830_640.jpg','Banner',40),(210,'https://cdn.pixabay.com/photo/2017/09/02/17/45/kuala-lumpur-2707993_640.jpg','Gallery',40),(211,'https://cdn.pixabay.com/photo/2016/11/19/17/21/buildings-1840440_640.jpg','Gallery',40),(212,'https://cdn.pixabay.com/photo/2016/03/27/20/58/city-1284258_640.jpg','Gallery',40),(219,'https://cdn.pixabay.com/photo/2015/11/22/16/45/pisa-1056568_640.jpg','Cover',42),(220,'https://cdn.pixabay.com/photo/2016/11/05/19/43/pisa-1801182_640.jpg','Banner',42),(221,'https://cdn.pixabay.com/photo/2016/08/31/14/36/italy-1633686_640.jpg','Banner',42),(222,'https://cdn.pixabay.com/photo/2015/03/12/20/11/pisa-670787_640.jpg','Gallery',42),(223,'https://cdn.pixabay.com/photo/2016/04/11/20/30/italy-1322922_640.jpg','Gallery',42),(224,'https://cdn.pixabay.com/photo/2015/09/17/22/39/rome-944823_640.jpg','Gallery',42),(225,'https://cdn.pixabay.com/photo/2020/05/17/12/56/rome-5181486_640.jpg','Cover',43),(226,'https://cdn.pixabay.com/photo/2017/12/11/12/14/colosseum-3012088_640.jpg','Banner',43),(227,'https://cdn.pixabay.com/photo/2012/03/01/00/33/trevi-19688_640.jpg','Banner',43),(228,'https://cdn.pixabay.com/photo/2019/10/06/08/57/tiber-river-4529605_1280.jpg','Gallery',43),(229,'https://cdn.pixabay.com/photo/2017/05/23/04/15/vatican-2336129_640.jpg','Gallery',43),(230,'https://cdn.pixabay.com/photo/2018/05/14/23/32/fountain-3401889_1280.jpg','Gallery',43);
/*!40000 ALTER TABLE `product_picture` ENABLE KEYS */;
UNLOCK TABLES;

--
-- Table structure for table `product_product_type`
--

DROP TABLE IF EXISTS `product_product_type`;
/*!40101 SET @saved_cs_client     = @@character_set_client */;
/*!50503 SET character_set_client = utf8mb4 */;
CREATE TABLE `product_product_type` (
  `product_id` int DEFAULT NULL,
  `product_type_id` int DEFAULT NULL,
  KEY `product_type_id` (`product_type_id`),
  KEY `product_id` (`product_id`),
  CONSTRAINT `product_product_type_ibfk_1` FOREIGN KEY (`product_type_id`) REFERENCES `product_type` (`id`) ON DELETE CASCADE ON UPDATE CASCADE,
  CONSTRAINT `product_product_type_ibfk_2` FOREIGN KEY (`product_id`) REFERENCES `product` (`id`) ON DELETE CASCADE ON UPDATE CASCADE
) ENGINE=InnoDB DEFAULT CHARSET=utf8mb4 COLLATE=utf8mb4_0900_ai_ci;
/*!40101 SET character_set_client = @saved_cs_client */;

--
-- Dumping data for table `product_product_type`
--

LOCK TABLES `product_product_type` WRITE;
/*!40000 ALTER TABLE `product_product_type` DISABLE KEYS */;
INSERT INTO `product_product_type` VALUES (9,1),(9,2),(9,3),(9,4),(11,2),(11,4),(11,5),(15,1),(15,2),(17,3),(18,1),(18,2),(18,3),(20,3),(20,5),(21,3),(22,3),(25,1),(25,2),(26,1),(26,3),(26,4),(27,2),(27,3),(27,4),(28,2),(28,3),(28,4),(33,5),(33,3),(36,2),(36,1),(37,1),(37,3),(38,2),(38,3),(39,2),(39,3),(40,2),(40,3),(42,3),(42,4),(43,3),(43,4);
/*!40000 ALTER TABLE `product_product_type` ENABLE KEYS */;
UNLOCK TABLES;

--
-- Table structure for table `product_type`
--

DROP TABLE IF EXISTS `product_type`;
/*!40101 SET @saved_cs_client     = @@character_set_client */;
/*!50503 SET character_set_client = utf8mb4 */;
CREATE TABLE `product_type` (
  `id` int NOT NULL AUTO_INCREMENT,
  `type` enum('WildlifeTour','AdventureTour','CityTour','MuseumTour','BeachesTour') DEFAULT NULL,
  PRIMARY KEY (`id`)
) ENGINE=InnoDB AUTO_INCREMENT=6 DEFAULT CHARSET=utf8mb4 COLLATE=utf8mb4_0900_ai_ci;
/*!40101 SET character_set_client = @saved_cs_client */;

--
-- Dumping data for table `product_type`
--

LOCK TABLES `product_type` WRITE;
/*!40000 ALTER TABLE `product_type` DISABLE KEYS */;
INSERT INTO `product_type` VALUES (1,'WildlifeTour'),(2,'AdventureTour'),(3,'CityTour'),(4,'MuseumTour'),(5,'BeachesTour');
/*!40000 ALTER TABLE `product_type` ENABLE KEYS */;
UNLOCK TABLES;

--
-- Table structure for table `tag`
--

DROP TABLE IF EXISTS `tag`;
/*!40101 SET @saved_cs_client     = @@character_set_client */;
/*!50503 SET character_set_client = utf8mb4 */;
CREATE TABLE `tag` (
  `id` int NOT NULL AUTO_INCREMENT,
  `key` char(25) NOT NULL,
  `value` char(250) NOT NULL,
  `product_id` int DEFAULT NULL,
  PRIMARY KEY (`id`),
  KEY `product_id` (`product_id`),
  CONSTRAINT `tag_ibfk_1` FOREIGN KEY (`product_id`) REFERENCES `product` (`id`) ON DELETE CASCADE ON UPDATE CASCADE
) ENGINE=InnoDB AUTO_INCREMENT=89 DEFAULT CHARSET=utf8mb4 COLLATE=utf8mb4_0900_ai_ci;
/*!40101 SET character_set_client = @saved_cs_client */;

--
-- Dumping data for table `tag`
--

LOCK TABLES `tag` WRITE;
/*!40000 ALTER TABLE `tag` DISABLE KEYS */;
INSERT INTO `tag` VALUES (4,'Price','Affordable',9),(5,'Scenery','Cityscape Views',9),(6,'Hotel','Luxury Accommodation',9),(11,'Scenery','Historic',11),(12,'Transportation Method','Walking',11),(13,'Hotel','Luxury',11),(14,'Price','Affordable',11),(21,'Scenery','Mountains',15),(22,'Transportation Method','Bullet Train',15),(23,'Hotel','Traditional',15),(24,'Price','Affordable',17),(25,'Scenery','Cityscape Views',17),(26,'Hotel','Luxury Accommodation',17),(27,'Scenery','Historic',18),(28,'TransportationMethod','Walking',18),(29,'Hotel','Luxury',18),(33,'Scenery','Beach',20),(34,'TransportationMethod','Bus',20),(35,'Hotel','Comfortable',20),(36,'Scenery','City View',21),(37,'Hotel','4-Star Hotel',21),(38,'TransportationMethod','MTR',21),(39,'Scenery','City View',22),(40,'TransportationMethod','Bus',22),(41,'Scenery','Forest View',25),(42,'Hotel','Eco-friendly Hotel',25),(43,'TransportationMethod','Bus',25),(44,'Scenery','Mountains',26),(45,'Transportation Method','Bus',26),(46,'Hotel','Comfortable',26),(47,'Scenery','Cityscape',27),(48,'Transportation Method','Biking',27),(49,'Hotel','Boutique',27),(50,'Scenery','Natural',28),(51,'Transportation Method','Train',28),(52,'Hotel','Luxury',28),(62,'Scenery','Beach',33),(63,'Transportation Method','Private Car',33),(64,'Hotel','Luxury',33),(65,'Scenery','Wildlife',36),(66,'Transportation Method','4x4 Jeep',36),(67,'Accommodation','Safari Lodge',36),(68,'Scenery','Historic',37),(69,'Transportation Method','Walking',37),(70,'Hotel','Luxury',37),(71,'Price','Mid-Range',38),(72,'Hotel','4-Star',38),(73,'Scenery','Coastal',38),(74,'Scenery','Coastal',39),(75,'Transportation Method','Bus',39),(76,'Hotel','Budget',39),(77,'Price','Affordable',40),(78,'Scenery','Urban',40),(79,'Transportation Method','Walking',40),(83,'Scenery','Historic',42),(84,'Transportation Method','Walking',42),(85,'Hotel','Luxury',42),(86,'Price','$150 per person',43),(87,'Scenery','Historic',43),(88,'Transportation Method','Walking',43);
/*!40000 ALTER TABLE `tag` ENABLE KEYS */;
UNLOCK TABLES;

--
-- Table structure for table `trip`
--

DROP TABLE IF EXISTS `trip`;
/*!40101 SET @saved_cs_client     = @@character_set_client */;
/*!50503 SET character_set_client = utf8mb4 */;
CREATE TABLE `trip` (
  `id` int NOT NULL AUTO_INCREMENT,
  `time` datetime NOT NULL,
  `exact` char(250) NOT NULL,
  `map_latitude` float NOT NULL,
  `map_longitude` float NOT NULL,
  `map_zoom` float NOT NULL,
  `activity` text NOT NULL,
  `picture` char(200) DEFAULT NULL,
  `day` char(5) NOT NULL,
  `time_of_day` char(10) NOT NULL,
  `product_id` int DEFAULT NULL,
  PRIMARY KEY (`id`),
  KEY `product_id` (`product_id`),
  CONSTRAINT `trip_ibfk_1` FOREIGN KEY (`product_id`) REFERENCES `product` (`id`) ON DELETE CASCADE ON UPDATE CASCADE
) ENGINE=InnoDB AUTO_INCREMENT=211 DEFAULT CHARSET=utf8mb4 COLLATE=utf8mb4_0900_ai_ci;
/*!40101 SET character_set_client = @saved_cs_client */;

--
-- Dumping data for table `trip`
--

LOCK TABLES `trip` WRITE;
/*!40000 ALTER TABLE `trip` DISABLE KEYS */;
INSERT INTO `trip` VALUES (2,'2022-04-24 03:20:00','Central Park',40.7851,-73.9683,16,'Take a walk through the beautiful Central Park and enjoy the scenery.','https://www.example.com/central-park.jpg','1','Morning',9),(3,'2022-04-24 12:20:00','Statue of Liberty National Monument',40.6892,-74.0444,16,'Visit the iconic Statue of Liberty and enjoy panoramic views of the city.','https://www.example.com/statue-of-liberty.jpg','1','Afternoon',9),(4,'2022-04-25 08:20:00','Empire State Building',40.7488,-73.9857,16,'Take in the breathtaking views of the city from the top of the Empire State Building.','https://www.example.com/empire-state-building.jpg','2','Morning',9),(5,'2022-04-25 16:20:00','Brooklyn Bridge',40.7061,-73.9964,16,'Walk across the historic Brooklyn Bridge and take in the views of the city skyline.','https://www.example.com/brooklyn-bridge.jpg','2','Afternoon',9),(6,'2022-04-25 22:20:00','Times Square',40.7589,-73.9851,16,'Experience the vibrant energy of Times Square at night.','https://www.example.com/times-square.jpg','2','Night',9),(11,'2022-08-25 20:40:00','Temple of Heaven',39.8822,116.407,16,'Explore the Temple of Heaven and learn about its history and significance in Chinese culture.','https://www.example.com/temple-of-heaven.jpg','1','Morning',11),(12,'2022-08-26 12:40:00','Houhai Lake',39.9402,116.387,16,'Take a leisurely boat ride on Houhai Lake and enjoy the beautiful views of the surrounding area.','https://www.example.com/houhai-lake.jpg','1','Afternoon',11),(13,'2022-08-27 08:40:00','798 Art District',39.9841,116.506,16,'Discover the cutting-edge contemporary art scene in Beijing at the 798 Art District.','https://www.example.com/798-art-district.jpg','2','Morning',11),(14,'2022-08-28 00:40:00','Nanluoguxiang',39.9326,116.401,16,'Stroll through the charming hutongs of Nanluoguxiang and explore the local shops and restaurants.','https://www.example.com/nanluoguxiang.jpg','2','Afternoon',11),(15,'2022-08-29 00:40:00','Jingshan Park',39.9251,116.396,16,'Climb to the top of Jingshan Park and enjoy panoramic views of the Forbidden City and surrounding area.','https://www.example.com/jingshan-park.jpg','3','Morning',11),(16,'2022-08-29 16:40:00','Yonghe Temple',39.9478,116.408,16,'Visit the stunning Yonghe Temple, also known as the Lama Temple, and learn about Tibetan Buddhism.','https://www.example.com/yonghe-temple.jpg','3','Afternoon',11),(41,'2022-09-03 14:20:00','Narita International Airport',35.7719,140.387,14,'Arrive at Narita International Airport','','1','Morning',15),(42,'2022-09-03 22:20:00','Senso-ji Temple',35.7148,139.799,16,'Visit the famous Senso-ji Temple','https://www.example.com/sensoji-temple.jpg','1','Afternoon',15),(43,'2022-09-04 08:20:00','Tokyo Skytree',35.7101,139.811,16,'Experience the amazing view from Tokyo Skytree','https://www.example.com/tokyo-skytree.jpg','2','Morning',15),(44,'2022-09-04 11:20:00','Shibuya Crossing',35.6594,139.7,16,'Explore the bustling Shibuya Crossing','https://www.example.com/shibuya-crossing.jpg','2','Afternoon',15),(45,'2022-09-05 05:40:00','Mount Fuji',35.3606,138.73,9,'Take a trip to see the majestic Mount Fuji','https://www.example.com/mount-fuji.jpg','3','Morning',15),(46,'2022-09-05 12:40:00','Kinkaku-ji Temple',35.0393,135.038,16,'Visit the famous Kinkaku-ji Temple','https://www.example.com/kinkaku-ji-temple.jpg','3','Afternoon',15),(47,'2022-09-05 20:40:00','Fushimi Inari Shrine',34.9671,135.772,16,'Hike through the stunning Fushimi Inari Shrine','https://www.example.com/fushimi-inari-shrine.jpg','4','Morning',15),(48,'2022-09-06 02:40:00','Gion District',35.0036,135.781,16,'Explore the traditional Gion District','https://www.example.com/gion-district.jpg','4','Afternoon',15),(49,'2022-09-06 20:00:00','Osaka Castle',34.6878,135.533,16,'Visit the historical Osaka Castle','https://www.example.com/osaka-castle.jpg','5','Morning',15),(50,'2022-09-07 02:00:00','Dotonbori',34.6683,135.502,16,'Stroll along the lively streets of Dotonbori','https://www.example.com/dotonbori.jpg','5','Afternoon',15),(51,'2022-09-07 19:20:00','Umeda Sky Building',34.7059,135.492,16,'Enjoy the stunning view from the Umeda Sky Building','https://www.example.com/umeda-sky-building.jpg','6','Morning',15),(52,'2022-09-08 01:20:00','Shinsekai',34.6523,135.505,16,'Experience the unique atmosphere of Shinsekai','https://www.example.com/shinsekai.jpg','6','Afternoon',15),(53,'2022-04-24 03:20:00','Central Park',40.7851,-73.9683,16,'Take a walk through the beautiful Central Park and enjoy the scenery.','https://www.example.com/central-park.jpg','1','Morning',17),(54,'2022-04-24 12:20:00','Statue of Liberty National Monument',40.6892,-74.0444,16,'Visit the iconic Statue of Liberty and enjoy panoramic views of the city.','https://www.example.com/statue-of-liberty.jpg','1','Afternoon',17),(55,'2022-04-25 08:20:00','Empire State Building',40.7488,-73.9857,16,'Take in the breathtaking views of the city from the top of the Empire State Building.','https://www.example.com/empire-state-building.jpg','2','Morning',17),(56,'2022-04-25 16:20:00','Brooklyn Bridge',40.7061,-73.9964,16,'Walk across the historic Brooklyn Bridge and take in the views of the city skyline.','https://www.example.com/brooklyn-bridge.jpg','2','Afternoon',17),(57,'2022-04-25 22:20:00','Times Square',40.7589,-73.9851,16,'Experience the vibrant energy of Times Square at night.','https://www.example.com/times-square.jpg','2','Night',17),(58,'2022-07-26 18:40:00','Terracotta Warriors and Horses Museum, Lintong District, Xi\'an, Shaanxi, China',34.3925,109.282,15,'Explore the Terracotta Warriors and Horses Museum and learn about China\'s rich history and culture.','https://www.example.com/trip1.jpg','1','Morning',18),(59,'2022-07-27 02:40:00','Xi\'an City Wall, Zhongxin District, Xi\'an, Shaanxi, China',34.2562,108.944,15,'Bike along the ancient Xi\'an City Wall and enjoy panoramic views of the city.','https://www.example.com/trip2.jpg','1','Afternoon',18),(60,'2022-07-27 10:40:00','Huaqing Hot Springs, Lintong District, Xi\'an, Shaanxi, China',34.3669,109.215,15,'Relax in the natural hot springs at Huaqing Hot Springs and enjoy the beautiful scenery.','https://www.example.com/trip3.jpg','2','Morning',18),(61,'2022-07-27 18:40:00','Mount Huashan, Huayin, Weinan, Shaanxi, China',34.5035,110.073,15,'Hike to the top of Mount Huashan, one of the most dangerous hikes in the world, and enjoy breathtaking views.','https://www.example.com/trip4.jpg','2','Afternoon',18),(62,'2022-08-04 18:40:00','Terracotta Army',34.3771,109.277,12.5,'Visit the world-famous Terracotta Army, an archaeological site that features thousands of life-size terra cotta sculptures of soldiers, horses, and chariots.','https://picsum.photos/800/600?random=5','3','Morning',18),(63,'2022-08-05 04:40:00','Muslim Quarter',34.2597,108.939,14.5,'Explore the bustling Muslim Quarter, one of the most popular attractions in Xi\'an known for its vibrant street food scene and traditional handicrafts.','https://picsum.photos/800/600?random=6','3','Afternoon',18),(64,'2022-08-06 04:40:00','Huaqing Hot Springs',34.371,109.202,12.5,'Visit the Huaqing Hot Springs, a historic site and scenic area featuring hot springs, gardens, and ancient ruins.','https://picsum.photos/800/600?random=7','4','Morning',18),(65,'2022-08-06 14:40:00','Mount Huashan',34.5139,110.106,12.5,'Embark on an adventure to Mount Huashan, one of China\'s most famous and treacherous mountain hikes. Enjoy stunning views and test your limits on the mountain\'s steep trails and narrow paths.','https://picsum.photos/800/600?random=8','4','Afternoon',18),(66,'2022-08-02 18:40:00','Terracotta Warriors and Horses Museum',34.3756,109.274,16,'Visit the Terracotta Warriors and Horses Museum, which houses the world-famous terracotta warriors and horses sculptures. These were buried with China\'s first emperor, Qin Shi Huang, to protect him in his afterlife.','https://picsum.photos/800/600/?image=1020','5','Morning',18),(67,'2022-08-03 04:53:20','Bell Tower of Xi\'an',34.265,108.948,16,'Visit the Bell Tower of Xi\'an, an iconic symbol of the city. It was built in 1384 during the early Ming Dynasty and contains a large bell that was used to keep time.','https://picsum.photos/800/600/?image=1030','5','Afternoon',18),(68,'2022-08-03 16:00:00','Xi\'an City Wall',34.2695,108.948,16,'Bike or walk around the Xi\'an City Wall, one of the oldest and best-preserved city walls in China. It was built during the Ming Dynasty and provides stunning views of the city.','https://picsum.photos/800/600/?image=1050','6','Morning',18),(69,'2022-08-04 01:20:00','Muslim Quarter',34.2681,108.948,16,'Explore the Muslim Quarter, a vibrant and bustling area known for its street food, souvenir shops, and cultural attractions. Visit the Great Mosque of Xi\'an, one of the oldest and largest mosques in China.','https://picsum.photos/800/600/?image=1060','6','Afternoon',18),(70,'2022-04-02 09:20:00','Terra-Cotta Warriors and Horses Museum',34.3841,109.272,16,'Visit the world-famous Terra-Cotta Warriors and Horses Museum.','https://picsum.photos/id/1019/900/600','7','Morning',18),(71,'2022-04-02 11:20:00','Big Wild Goose Pagoda',34.2292,108.94,16,'Explore the ancient Buddhist pagoda and surrounding area.','https://picsum.photos/id/1020/900/600','7','Afternoon',18),(72,'2022-04-03 11:20:00','Mount Hua',34.4828,110.073,12,'Take a cable car to the top of Mount Hua and enjoy breathtaking views.','https://picsum.photos/id/1021/900/600','8','Morning',18),(73,'2022-04-03 13:20:00','Huaqing Palace',34.36,109.22,16,'Visit the hot springs and ancient palace.','https://picsum.photos/id/1022/900/600','8','Afternoon',18),(74,'2022-07-31 21:20:00','Mount Hua Shan',34.5064,110.089,12,'Start your day by hiking the Mount Hua Shan. The hike is steep and may require a good level of fitness. But the stunning views from the top are definitely worth it!','https://images.unsplash.com/photo-1605479457846-46a6a1901058','9','Morning',18),(75,'2022-08-01 05:20:00','Qinling Wildlife Park',34.3438,109.028,14,'Visit Qinling Wildlife Park, where you can see a variety of animals in their natural habitats. Don\'t miss the Giant Panda Pavilion!','https://images.unsplash.com/photo-1522556189639-75eb3e3bf6e3','9','Afternoon',18),(76,'2022-08-02 05:20:00','Terracotta Army',34.3853,109.275,14,'Explore the famous Terracotta Army, a collection of terracotta sculptures depicting the armies of Qin Shi Huang, the first Emperor of China.','https://images.unsplash.com/photo-1600382911458-07c153758a16','10','Morning',18),(77,'2022-08-02 21:20:00','Huaqing Palace',34.369,109.224,14,'Visit the Huaqing Palace, a historical site that served as the winter palace of the Tang dynasty. Don\'t miss the famous Huaqing Hot Springs!','https://images.unsplash.com/photo-1623132911419-748f1e7aa301','10','Afternoon',18),(86,'2022-04-07 00:00:00','Mount Tai',36.2,117.1,13.5,'Hiking up to the top of Mount Tai','https://picsum.photos/id/1019/600/400','1','Morning',20),(87,'2022-04-07 10:00:00','Laoshan Mountain',36.15,120.5,12,'Visit the famous Taoist Mountain in Qingdao','https://picsum.photos/id/1015/600/400','1','Afternoon',20),(88,'2022-04-07 16:00:00','Qingdao Beer Museum',36.09,120.36,15,'Learn about the history of beer and have a taste','https://picsum.photos/id/1021/600/400','2','Morning',20),(89,'2022-04-07 21:00:00','May Fourth Square',36.06,120.39,15,'Take a stroll in the famous square and enjoy the ocean view','https://picsum.photos/id/1025/600/400','2','Afternoon',20),(90,'2022-07-04 09:00:00','Hong Kong International Airport, Hong Kong',22.316,113.936,15,'Arrive at Hong Kong International Airport','https://images.unsplash.com/photo-1608115095698-0c2e0f312a17','1','Morning',21),(91,'2022-07-04 13:00:00','The Peak, Hong Kong',22.272,114.149,15,'Visit The Peak for panoramic views of the city','https://images.unsplash.com/photo-1549598680-d9796139f6a7','1','Afternoon',21),(92,'2022-07-04 20:00:00','Lan Kwai Fong, Hong Kong',22.281,114.156,15,'Experience Hong Kong\'s nightlife at Lan Kwai Fong','https://images.unsplash.com/photo-1505240543214-21f7dd92811f','1','Night',21),(93,'2022-06-25 18:40:00','Central and Western District, Hong Kong',22.287,114.153,14.8,'Explore Victoria Peak','https://images.unsplash.com/photo-1583818216909-80019c8d02eb?ixlib=rb-1.2.1&auto=format&fit=crop&w=1650&q=80','2','Morning',21),(94,'2022-06-25 22:40:00','Hong Kong Disneyland',22.311,114.046,15.3,'Visit Hong Kong Disneyland','https://images.unsplash.com/photo-1607084970453-907fe3e36a03?ixlib=rb-1.2.1&auto=format&fit=crop&w=1650&q=80','2','Afternoon',21),(95,'2022-06-26 02:40:00','Causeway Bay, Hong Kong',22.28,114.185,15.2,'Shopping and dining in Causeway Bay','https://images.unsplash.com/photo-1589814473897-59792f70ef0e?ixlib=rb-1.2.1&auto=format&fit=crop&w=1650&q=80','2','Evening',21),(96,'2022-11-27 16:20:00','Victoria Peak',22.271,114.149,15,'Visit the famous Victoria Peak and enjoy the panoramic view of Hong Kong.','https://www.example.com/hk-tour-peak.jpg','3','Morning',21),(97,'2022-11-28 02:20:00','Hong Kong Disneyland',22.3129,114.045,15,'Experience the magic of Hong Kong Disneyland.','https://www.example.com/hk-tour-disneyland.jpg','3','Afternoon',21),(98,'2022-11-28 07:20:00','Temple Street Night Market',22.3067,114.172,15,'Explore the lively Temple Street Night Market and shop for souvenirs.','https://www.example.com/hk-tour-temple-street.jpg','3','Evening',21),(99,'2022-11-06 22:40:00','Hollywood Walk of Fame, Los Angeles, CA',34.1014,-118.337,15,'Visit the iconic Hollywood Walk of Fame and see the stars of some of your favorite celebrities.','https://www.example.com/la-tour-1.jpg','1','Morning',22),(100,'2022-11-07 02:40:00','Universal Studios Hollywood, Los Angeles, CA',34.1381,-118.353,15,'Spend the afternoon at Universal Studios Hollywood, a theme park and film studio known for its thrilling rides, shows and attractions.','https://www.example.com/la-tour-2.jpg','1','Afternoon',22),(101,'2022-11-07 12:40:00','Griffith Observatory, Los Angeles, CA',34.1184,-118.3,15,'Visit the Griffith Observatory for a stunning panoramic view of Los Angeles and the night sky.','https://www.example.com/la-tour-3.jpg','1','Evening',22),(102,'2022-06-02 00:40:00','Luoping County, Qujing, Yunnan, China',25.8367,103.893,11,'Visit Luoping Rapeseed Flower Fields','https://www.example.com/luoping-rapeseed.jpg','2','Morning',25),(103,'2022-06-02 06:40:00','Jiulong Waterfall Scenic Area, Luoping County, Qujing, Yunnan, China',25.8325,104.045,11,'Hike and Explore Jiulong Waterfall Scenic Area','https://www.example.com/jiulong-waterfall.jpg','2','Afternoon',25),(104,'2022-06-02 12:40:00','Luoping County, Qujing, Yunnan, China',25.8367,103.893,11,'Watch Sunset at Jinji Peak','https://www.example.com/jinji-peak.jpg','2','Evening',25),(105,'2022-06-03 05:20:00','Stone Forest Scenic Area, Shilin Yi Autonomous County, Kunming, Yunnan, China',24.8053,103.325,11,'Explore the Stone Forest','https://www.example.com/stone-forest.jpg','3','Morning',25),(106,'2022-06-03 11:20:00','Shilin Old Town, Shilin Yi Autonomous County, Kunming, Yunnan, China',24.8071,103.315,11,'Visit Shilin Old Town and try local food','https://www.example.com/shilin-old-town.jpg','3','Afternoon',25),(107,'2022-03-31 22:20:00','Rocky Mountain National Park',40.3428,-105.551,14,'Hiking in the Rockies','https://example.com/hiking.jpg','1','Morning',26),(108,'2022-04-01 22:20:00','Estes Park',40.3772,-105.522,12,'Exploring the town','https://example.com/town.jpg','1','Afternoon',26),(109,'2022-04-04 20:26:40','Red Rocks Park and Amphitheatre',39.6653,-105.221,16,'Concert at Red Rocks','https://example.com/concert.jpg','4','Night',26),(110,'2022-04-01 09:46:40','Paris Charles de Gaulle Airport',49.0097,2.5539,13.5,'Pickup from Paris Charles de Gaulle Airport','https://example.com/pickup.jpg','1','Morning',27),(111,'2022-04-01 12:20:00','Eiffel Tower',48.8584,2.2945,15,'Visit Eiffel Tower and enjoy the panoramic view of Paris','https://example.com/eiffel-tower.jpg','1','Noon',27),(112,'2022-04-01 14:20:00','Louvre Museum',48.8606,2.3358,15,'Explore the world-famous Louvre Museum','https://example.com/louvre.jpg','1','Afternoon',27),(113,'2022-04-01 17:20:00','Seine River',48.8615,2.2901,14,'Take a romantic Seine River Cruise','https://example.com/seine-river.jpg','1','Night',27),(114,'2022-05-22 20:20:00','Musée d\'Orsay, 1 Rue de la Légion d\'Honneur, 75007 Paris, France',48.8592,2.32667,15,'Visit the Musée d\'Orsay','https://www.example.com/images/trip2_musee_orsay.jpg','2','Morning',27),(115,'2022-05-23 03:20:00','Café de Flore, 172 Boulevard Saint-Germain, 75006 Paris, France',48.8547,2.33371,15,'Have brunch at Café de Flore','https://www.example.com/images/trip2_cafe_flore.jpg','2','Noon',27),(116,'2022-05-23 08:40:00','Palais Garnier, Place de l\'Opéra, 75009 Paris, France',48.8719,2.33139,15,'Visit the Palais Garnier','https://www.example.com/images/trip2_palais_garnier.jpg','2','Afternoon',27),(117,'2022-05-23 16:40:00','Eiffel Tower, Champ de Mars, 5 Avenue Anatole France, 75007 Paris, France',48.8584,2.2945,15,'Watch the sunset at the Eiffel Tower','https://www.example.com/images/trip2_eiffel_tower.jpg','2','Evening',27),(118,'2022-09-12 05:20:00','Palace of Versailles',48.8045,2.1204,15,'Visit the Palace of Versailles and its gardens','https://example.com/versailles.jpg','3','Morning',27),(119,'2022-09-12 09:20:00','Louvre Museum',48.8606,2.3376,15,'Explore the Louvre Museum','https://example.com/louvre.jpg','3','Afternoon',27),(120,'2022-09-12 12:20:00','Montmartre',48.8867,2.3376,15,'Enjoy the view and the artistic atmosphere of Montmartre','https://example.com/montmartre.jpg','3','Evening',27),(121,'2022-03-21 02:40:00','Berlin, Germany',52.52,13.405,12.5,'Arrive in Berlin and check into your luxury hotel. Spend the afternoon exploring the city on your own.','https://example.com/berlin.jpg','1','Morning',28),(122,'2022-10-30 23:40:00','Nuremberg Castle, Nuremberg, Germany',49.4562,11.0774,13,'Visit Nuremberg Castle and Old Town','https://example.com/nuremberg-castle.jpg','2','Morning',28),(123,'2022-10-31 07:40:00','Neuschwanstein Castle, Schwangau, Germany',47.5576,10.7498,13,'Visit Neuschwanstein Castle','https://example.com/neuschwanstein-castle.jpg','2','Afternoon',28),(124,'2022-10-31 20:40:00','Marienplatz, Munich, Germany',48.1373,11.5755,13,'Explore Marienplatz and Munich City Center','https://example.com/marienplatz.jpg','2','Evening',28),(125,'2022-11-01 09:40:00','Rhine River Valley, Germany',50.0713,7.41272,10,'Embark on a scenic boat tour of the Rhine River Valley, known for its stunning views and historic castles.','https://example.com/rhine-river-valley.jpg','3','Morning',28),(126,'2022-11-02 02:40:00','Heidelberg Castle, Heidelberg, Germany',49.4106,8.71531,13,'Visit the impressive Heidelberg Castle, one of the most iconic landmarks in Germany.','https://example.com/heidelberg-castle.jpg','3','Afternoon',28),(127,'2022-11-02 15:40:00','Black Forest, Germany',47.918,8.34899,9.5,'Experience the beauty of the Black Forest region, famous for its scenic drives and traditional cuisine.','https://example.com/black-forest.jpg','3','Evening',28),(128,'2022-11-01 21:40:00','Rothenburg ob der Tauber, Germany',49.381,10.1867,13,'Explore the charming medieval town of Rothenburg ob der Tauber','https://example.com/rothenburg-ob-der-tauber.jpg','4','Morning',28),(129,'2022-11-02 15:40:00','Bamberg, Germany',49.8988,10.9028,13,'Visit Bamberg\'s historic city center, a UNESCO World Heritage site','https://example.com/bamberg.jpg','4','Afternoon',28),(130,'2022-11-03 03:40:00','Bamberg, Germany',49.8988,10.9028,13,'Enjoy a beer tasting at one of Bamberg\'s famous breweries','https://example.com/bamberg-beer.jpg','4','Evening',28),(131,'2022-11-03 05:00:00','Cologne Cathedral, Cologne, Germany',50.9413,6.95828,13,'Visit the Cologne Cathedral and explore the city\'s historic center.','https://example.com/cologne-cathedral.jpg','5','Morning',28),(132,'2022-11-03 16:00:00','Rhine River Valley, Germany',50.1001,7.24522,9,'Embark on a scenic cruise along the Rhine River and enjoy the stunning views of the vineyards and castles.','https://example.com/rhine-river-valley.jpg','5','Afternoon',28),(133,'2022-11-04 06:00:00','Heidelberg Castle, Heidelberg, Germany',49.4106,8.71572,13,'Visit the iconic Heidelberg Castle and enjoy a guided tour of the historic site.','https://example.com/heidelberg-castle.jpg','5','Evening',28),(134,'2022-11-06 13:20:00','Cologne Cathedral, Cologne, Germany',50.9413,6.95828,13,'Visit the Cologne Cathedral, one of the largest cathedrals in the world','https://example.com/cologne-cathedral.jpg','6','Morning',28),(135,'2022-11-07 01:20:00','Rhine River Valley, Germany',50.1372,7.11413,8.5,'Take a scenic boat ride through the picturesque Rhine River Valley','https://example.com/rhine-river.jpg','6','Afternoon',28),(136,'2022-11-07 15:20:00','Heidelberg Castle, Heidelberg, Germany',49.4106,8.71531,13,'Explore the Heidelberg Castle and its beautiful gardens','https://example.com/heidelberg-castle.jpg','6','Evening',28),(137,'2022-03-27 14:00:00','Rhine River Valley, Germany',50.0914,7.1989,11,'Enjoy a leisurely cruise along the picturesque Rhine River Valley, a UNESCO World Heritage Site known for its stunning landscapes and medieval castles. Take in the breathtaking views of the vineyards and quaint villages as you relax on the boat.','https://example.com/rhine-river-valley.jpg','7','Morning',28),(138,'2022-03-27 23:00:00','Cologne Cathedral, Cologne, Germany',50.9413,6.95828,13,'Visit the iconic Cologne Cathedral, one of the most famous landmarks in Germany. Admire the stunning Gothic architecture and climb to the top for panoramic views of the city.','https://example.com/cologne-cathedral.jpg','7','Afternoon',28),(139,'2022-03-28 06:00:00','Düsseldorf, Germany',51.2277,6.7735,11,'Explore the vibrant city of Düsseldorf, known for its beautiful riverside promenade, historic buildings, and world-renowned art museums. Enjoy a farewell dinner at a local restaurant with your fellow travelers.','https://example.com/dusseldorf.jpg','7','Evening',28),(146,'2022-11-22 08:00:00','Bangkok, Thailand',13.7563,100.502,12.5,'Arrive in Bangkok and check into your hotel. Spend the afternoon exploring the city on your own.','https://example.com/bangkok.jpg','1','Morning',33),(147,'2022-11-23 08:00:00','Bangkok, Thailand',13.7563,100.502,12.5,'Take a guided tour of the Grand Palace and Wat Phra Kaew, home to the famous Emerald Buddha. Learn about the rich history and culture of Thailand\'s royal family and Buddhism.','https://example.com/grand-palace.jpg','3','Morning',33),(148,'2022-11-24 08:00:00','Chiang Mai, Thailand',18.7883,98.9847,12.5,'Take a morning flight to Chiang Mai, a charming city in northern Thailand. Visit Wat Phra That Doi Suthep, a temple located on top of a mountain with stunning views of the city. Then, take a stroll around the Old City and visit some of the local markets and street food vendors.','https://example.com/chiang-mai.jpg','4','Morning',33),(149,'2022-12-04 10:40:00','Krabi, Thailand',8.0863,98.9863,12.5,'Take a boat tour of the beautiful islands around Krabi, including Koh Phi Phi and Maya Bay. Enjoy snorkeling, swimming, and sunbathing in the crystal-clear waters.','https://example.com/krabi.jpg','5','Morning',33),(150,'2022-11-23 21:20:00','Johannesburg, South Africa',-26.2041,28.0473,12.5,'Arrive in Johannesburg and check into your hotel. Meet your tour guide and group in the evening for a welcome dinner and briefing.','https://example.com/johannesburg.jpg','1','Morning',36),(151,'2022-11-24 21:20:00','Kruger National Park, South Africa',-23.9884,31.5549,12.5,'Leave Johannesburg and travel to Kruger National Park. Spend the afternoon on a game drive in the park and stay overnight in a safari lodge.','https://example.com/kruger.jpg','2','Morning',36),(152,'2022-11-24 10:13:20','Cape Town, South Africa',-33.9249,18.4241,12.5,'Explore the beautiful Cape Town beaches, starting with Clifton Beach and Camps Bay Beach. Take a dip in the crystal-clear waters and soak up the sun on the soft sands. Enjoy a delicious beachside lunch before continuing your beach-hopping adventure.','https://example.com/cape_town_beach.jpg','2','Morning',36),(153,'2022-11-25 14:00:00','Cape of Good Hope, South Africa',-34.3569,18.3569,12.5,'Take a scenic drive to the Cape of Good Hope and explore this natural wonder. Hike to the top of the cliffs for stunning views of the coastline and enjoy a picnic with a view. Keep an eye out for local wildlife, including baboons and ostriches.','https://example.com/cape_of_good_hope.jpg','2','Afternoon',36),(154,'2022-11-25 05:40:00','Kruger National Park, South Africa',-24.9175,31.4176,9.5,'Embark on a thrilling safari adventure in Kruger National Park. Spot the Big Five - lions, elephants, leopards, rhinos, and buffalos - and a variety of other wildlife in their natural habitat. Enjoy a delicious breakfast in the bush before returning to your lodge for some relaxation.','https://example.com/kruger_safari.jpg','3','Morning',36),(155,'2022-11-25 16:46:40','Kruger National Park, South Africa',-24.9175,31.4176,9.5,'Continue your safari adventure in Kruger National Park, exploring new areas and encountering more wildlife. Stop for a sundowner drink as the sun sets over the savannah before returning to your lodge for a delicious dinner.','https://example.com/kruger_safari2.jpg','3','Afternoon',36),(156,'2022-11-26 09:26:40','Johannesburg, South Africa',-26.2041,28.0473,12.5,'Take a guided tour of the Apartheid Museum and learn about South Africa\'s turbulent history. Explore the museum\'s exhibitions and artifacts, and gain insight into the struggle against apartheid and the country\'s path to democracy.','https://example.com/apartheid_museum.jpg','4','Morning',36),(157,'2022-11-28 14:13:20','Kruger National Park, South Africa',-24.9175,31.4176,9.5,'Take a guided walking tour through the Kruger National Park with a knowledgeable local guide. Experience the park on foot and get up close with some of the smaller creatures that are often missed on game drives. Return to the lodge for lunch and spend the afternoon relaxing by the pool.','https://example.com/kruger_walk.jpg','6','Morning',36),(158,'2022-11-29 20:46:40','Blyde River Canyon, South Africa',-24.5503,30.8648,9.5,'Leave Kruger National Park and travel to the Blyde River Canyon. Marvel at the breathtaking natural beauty of this incredible canyon and take a boat tour on the Blyde Dam. Enjoy lunch at a local restaurant before heading back to Johannesburg.','https://example.com/blyde_river_canyon.jpg','7','Morning',36),(159,'2022-11-30 21:20:00','Johannesburg, South Africa',-26.2041,28.0473,12.5,'Depart from Johannesburg and head home, or continue your adventure in South Africa!','https://example.com/johannesburg2.jpg','7','Afternoon',36),(160,'2022-06-23 16:00:00','Buckingham Palace, London SW1A 1AA, United Kingdom',51.5014,-0.141062,15,'Explore the magnificent Buckingham Palace, the official residence of the British monarch.','https://picsum.photos/id/1024/600/400','1','Morning',37),(161,'2022-06-23 21:00:00','The British Museum, Great Russell St, Bloomsbury, London WC1B 3DG, United Kingdom',51.5194,-0.126414,15,'Visit the world-famous British Museum and discover a vast collection of art and artifacts from around the world.','https://picsum.photos/id/1025/600/400','1','Noon',37),(162,'2022-06-24 01:20:00','Tower Bridge Rd, London SE1 2UP, United Kingdom',51.5055,-0.075907,15,'Take a tour of the historic Tower Bridge, one of London\'s most recognizable landmarks.','https://picsum.photos/id/1026/600/400','1','Afternoon',37),(163,'2022-06-24 05:20:00','Trafalgar Square, London WC2N 5DN, United Kingdom',51.5081,-0.127758,15,'Visit Trafalgar Square, the bustling public square that is home to Nelson\'s Column and the National Gallery.','https://picsum.photos/id/1027/600/400','1','Night',37),(164,'2025-04-01 16:00:00','London Eye',51.5034,-0.119824,15,'Enjoy a bird\'s-eye view of London on the London Eye.','https://example.com/london_eye.jpg','2','Morning',37),(165,'2025-04-01 21:00:00','Buckingham Palace',51.5014,-0.141453,15,'Watch the Changing of the Guard ceremony at Buckingham Palace.','https://example.com/buckingham_palace.jpg','2','Noon',37),(166,'2025-04-02 00:00:00','British Museum',51.5194,-0.126236,15,'Explore the vast collection of the British Museum.','https://example.com/british_museum.jpg','2','Afternoon',37),(167,'2025-04-02 04:00:00','Trafalgar Square',51.5074,-0.127625,15,'Take a stroll through Trafalgar Square and admire the fountains and sculptures.','https://example.com/trafalgar_square.jpg','2','Night',37),(168,'2025-05-13 04:00:00','Westminster Abbey',51.4994,-0.1281,14.5,'Visit the historic Westminster Abbey and learn about the royal coronations and weddings that have taken place here.','https://example.com/westminster_abbey.jpg','3','Morning',37),(169,'2025-05-13 12:20:00','Buckingham Palace',51.5014,-0.1416,15.5,'See the Changing of the Guard ceremony at Buckingham Palace.','https://example.com/buckingham_palace.jpg','3','Noon',37),(170,'2025-05-13 23:26:40','British Museum',51.5194,-0.1262,16,'Explore the British Museum\'s vast collection of historical artifacts, including the Rosetta Stone and the Elgin Marbles.','https://example.com/british_museum.jpg','3','Afternoon',37),(171,'2025-05-14 10:33:20','St. Paul\'s Cathedral',51.5138,-0.0998,15,'Climb to the top of St. Paul\'s Cathedral for stunning views of London.','https://example.com/st_pauls_cathedral.jpg','3','Night',37),(172,'2022-04-02 05:20:00','ABC restaurant',30.1235,120.123,15,'breakfast','https://example.com/pictures/abc.jpg','4','Morning',37),(173,'2022-04-02 10:20:00','City Park',30.1235,120.123,15,'Take a walk','https://example.com/pictures/park.jpg','4','Noon',37),(174,'2022-04-02 13:20:00','Art Museum',30.1235,120.123,15,'Attend an exhibition','https://example.com/pictures/art_museum.jpg','4','Afternoon',37),(175,'2022-04-02 15:20:00','City Mall',30.1235,120.123,15,'shopping','https://example.com/pictures/shopping_mall.jpg','4','Night',37),(176,'2022-04-02 17:20:00','XYZ restaurant',30.1235,120.123,15,'dinner','https://example.com/pictures/xyz.jpg','4','Night',37),(177,'2023-01-13 21:00:00','The Metropolitan Museum of Art',40.7794,-73.9632,17.5,'Visit the Metropolitan Museum of Art, one of the world\'s largest and finest art museums.','https://picsum.photos/id/1059/400/300','5','Morning',37),(178,'2023-01-14 01:00:00','Central Park',40.7829,-73.9702,16,'Enjoy a stroll in Central Park, a beautiful and expansive urban park in the heart of New York City.','https://picsum.photos/id/1079/400/300','5','Noon',37),(179,'2023-01-14 04:00:00','The High Line',40.7469,-74.0047,16,'Take a walk along the High Line, a unique and beautiful park built on an old elevated railroad track.','https://picsum.photos/id/1069/400/300','5','Afternoon',37),(180,'2023-01-14 07:00:00','Brooklyn Bridge',40.706,-73.9962,16,'Take a stroll across the iconic Brooklyn Bridge and enjoy the stunning views of the Manhattan skyline and the East River.','https://picsum.photos/id/1010/400/300','5','Evening',37),(181,'2023-01-14 10:00:00','One World Trade Center',40.7127,-74.0134,17,'End the day with a visit to One World Trade Center, the tallest building in the Western Hemisphere, and take in the breathtaking views of the city from the observation deck.','https://picsum.photos/id/1041/400/300','5','Night',37),(182,'2022-12-26 21:20:00','Brisbane City Botanic Gardens, Alice St & Edward St, Brisbane City QLD 4000, Australia',-27.4698,153.028,15,'Morning walk in Brisbane City Botanic Gardens','https://example.com/botanic-gardens.jpg','6','Morning',37),(183,'2022-12-27 00:20:00','Queen Street Mall, Queen St, Brisbane City QLD 4000, Australia',-27.4697,153.025,15,'Shopping at Queen Street Mall','https://example.com/queen-street-mall.jpg','6','Noon',37),(184,'2022-12-27 04:20:00','South Bank Parklands, South Brisbane QLD 4101, Australia',-27.4819,153.018,15,'Picnic lunch at South Bank Parklands','https://example.com/south-bank-parklands.jpg','6','Afternoon',37),(185,'2022-12-27 11:20:00','Story Bridge, Brisbane City QLD, Australia',-27.4637,153.04,15,'Climbing Story Bridge for sunset view','https://example.com/story-bridge.jpg','6','Night',37),(186,'2022-12-28 17:00:00','Victoria Peak, Hong Kong',22.2688,114.149,15,'Enjoy the view of Victoria Harbour in Hong Kong','https://example.com/picture7.jpg','7','Morning',37),(187,'2022-12-28 23:00:00','Ten Thousand Buddhas Monastery, Hong Kong',22.3652,114.187,15,'Visit Ten Thousand Buddhas Temple','https://example.com/picture8.jpg','7','Noon',37),(188,'2022-12-29 04:00:00','Hong Kong Disneyland',22.311,114.045,15,'Explore Hong Kong Disneyland','https://example.com/picture9.jpg','7','Afternoon',37),(189,'2022-12-29 13:00:00','Lan Kwai Fong, Central, Hong Kong',22.2826,114.157,15,'晚上到兰桂坊区享受夜生活','https://example.com/picture10.jpg','7','Night',37),(190,'2022-12-29 23:00:00','Mong Kok, Hong Kong',22.3197,114.169,15,'Go shopping in Mong Kok in the evening','https://example.com/picture11.jpg','7','Midnight',37),(191,'2022-03-29 13:20:00','Dublin Castle',53.3428,-6.26615,15,'Visit Dublin Castle and explore its rich history and architecture.','https://example.com/dublin_castle.jpg','1','Morning',38),(192,'2022-03-29 16:20:00','St. Patrick\'s Cathedral',53.341,-6.27104,15,'Visit St. Patrick\'s Cathedral and admire its stunning architecture and stained glass windows.','https://example.com/st_patricks_cathedral.jpg','1','Afternoon',38),(193,'2022-03-29 18:20:00','Temple Bar',53.3453,-6.26779,15,'Enjoy a pint of Guinness and listen to traditional Irish music at one of the many pubs in Temple Bar.','https://example.com/temple_bar.jpg','1','Night',38),(194,'2022-03-30 15:20:00','Trinity College',53.3442,-6.25617,15,'Visit the famous Trinity College and see the Book of Kells, one of the most beautiful illuminated manuscripts in the world.','https://example.com/trinity_college.jpg','2','Morning',38),(195,'2022-03-30 18:20:00','Dublin Zoo',53.3551,-6.30156,15,'Spend the afternoon at Dublin Zoo and see animals from around the world.','https://example.com/dublin_zoo.jpg','2','Afternoon',38),(196,'2023-04-16 08:00:00','Sydney Opera House',250,151.215,-33.8568,'Enjoy a guided tour of the iconic Sydney Opera House and learn about its history and architecture.','','1','Morning',39),(197,'2023-04-16 10:00:00','Darling Harbour',-33.8744,151.201,250,'Explore the beautiful Darling Harbour and enjoy lunch at one of its many restaurants.\",      ','','2','Morning',39),(198,'2022-07-15 22:40:00','Petronas Twin Towers',3.157,101.712,15,'Visit the iconic Petronas Twin Towers and enjoy breathtaking views of Kuala Lumpur.','https://cdn.pixabay.com/photo/2016/11/13/12/52/kuala-lumpur-1820944_1280.jpg','1','Morning',40),(199,'2022-07-16 22:40:00','Batu Caves',3.235,101.682,14,'Explore the magnificent Batu Caves and climb the 272 steps to reach the Hindu temple inside.','https://cdn.pixabay.com/photo/2017/08/10/23/18/batu-2628777_640.jpg','2','Morning',40),(202,'2022-11-04 08:00:00','Leaning Tower of Pisa, Piazza del Duomo, 56126 Pisa PI, Italy',43.723,10.3966,16,'Guided tour of the Leaning Tower of Pisa','https://cdn.pixabay.com/photo/2016/03/09/21/42/pisa-1247452_640.jpg','1','Morning',42),(203,'2022-11-05 08:00:00','Colosseum, Piazza del Colosseo, 1, 00184 Rome RM, Italy',41.8902,12.4922,16,'Guided tour of the Colosseum and Roman Forum','https://cdn.pixabay.com/photo/2015/09/17/22/39/rome-944823_640.jpg','2','Morning',42),(204,'2022-06-19 07:00:00','Colosseum, Piazza del Colosseo, 1, 00184 Rome, Italy',41.8902,12.4924,15,'Explore the Colosseum, one of the most iconic landmarks in Rome.','https://cdn.pixabay.com/photo/2016/11/05/08/32/colosseum-1799671_640.jpg','1','Morning',43),(205,'2022-06-19 12:00:00','Trevi Fountain, Piazza di Trevi, 00187 Rome, Italy',41.9009,12.4835,15,'Toss a coin into the Trevi Fountain and make a wish.','https://cdn.pixabay.com/photo/2012/10/26/01/48/trevi-fountain-63052_640.jpg','2','Afternoon',43),(206,'2022-11-06 08:00:00','Vatican City, Vatican City',41.9029,12.4534,16,'Guided tour of St. Peter\'s Basilica and the Vatican Museums','https://cdn.pixabay.com/photo/2013/02/23/03/16/vatican-85238_640.jpg','3','Morning',43),(208,'2022-11-08 08:00:00','Spanish Steps, Piazza di Spagna, 00187 Rome RM, Italy',41.9058,12.4834,16,'Exploring the Spanish Steps and surrounding area','https://cdn.pixabay.com/photo/2022/06/05/20/24/rome-7244828_1280.jpg','5','Morning',43),(209,'2022-11-09 08:00:00','Pantheon, Piazza della Rotonda, 00186 Rome RM, Italy',41.8986,12.4765,16,'Visit to the Pantheon','https://cdn.pixabay.com/photo/2016/01/08/02/22/pantheon-1127025_640.jpg','6','Afternoon',43),(210,'2022-11-10 08:00:00','Piazza Navona, 00186 Rome RM, Italy',41.8992,12.4733,16,'Exploring Piazza Navona and its famous fountains','https://cdn.pixabay.com/photo/2018/05/14/23/32/fountain-3401889_1280.jpg','7','Morning',43);
/*!40000 ALTER TABLE `trip` ENABLE KEYS */;
UNLOCK TABLES;

--
-- Table structure for table `user`
--

DROP TABLE IF EXISTS `user`;
/*!40101 SET @saved_cs_client     = @@character_set_client */;
/*!50503 SET character_set_client = utf8mb4 */;
CREATE TABLE `user` (
  `user_id` int NOT NULL AUTO_INCREMENT,
  `user_email` char(200) DEFAULT NULL,
  `user_first_name` char(200) NOT NULL,
  `user_last_name` char(200) NOT NULL,
  `user_password` char(200) NOT NULL,
  PRIMARY KEY (`user_id`),
  UNIQUE KEY `user_email` (`user_email`)
) ENGINE=InnoDB AUTO_INCREMENT=8 DEFAULT CHARSET=utf8mb4 COLLATE=utf8mb4_0900_ai_ci;
/*!40101 SET character_set_client = @saved_cs_client */;

--
-- Dumping data for table `user`
--

LOCK TABLES `user` WRITE;
/*!40000 ALTER TABLE `user` DISABLE KEYS */;
INSERT INTO `user` VALUES (2,'2334201198@qq.com','Wenjie','Wu1','pbkdf2:sha256:260000$fP2o9fwptTH10SOG$83af0082454a3a3150c094610ffb13ecd22003b85705d9ef1d97173c33566815'),(3,'wedwe@qq.com','Jiahe','Zhang','123456'),(4,'sdfwe@qq.com','Feihe','Huang','123456'),(5,'2280463079@qq.com','Staff','1','pbkdf2:sha256:260000$fP2o9fwptTH10SOG$83af0082454a3a3150c094610ffb13ecd22003b85705d9ef1d97173c33566815'),(7,'2272393014@qq.com','Jiahe','Zhang','pbkdf2:sha256:260000$bVbIRFeLacIn1u0Q$7ba95f4238749c788e371e7b1262aa63ae2e74802d92e724ecd4b21440588d1c');
/*!40000 ALTER TABLE `user` ENABLE KEYS */;
UNLOCK TABLES;

--
-- Table structure for table `user_browse`
--

DROP TABLE IF EXISTS `user_browse`;
/*!40101 SET @saved_cs_client     = @@character_set_client */;
/*!50503 SET character_set_client = utf8mb4 */;
CREATE TABLE `user_browse` (
  `id` int NOT NULL AUTO_INCREMENT,
  `user_id` int NOT NULL,
  `product_id` int NOT NULL,
  `created_at` datetime DEFAULT NULL,
  `duration` int NOT NULL,
  PRIMARY KEY (`id`),
  KEY `product_id` (`product_id`),
  KEY `user_id` (`user_id`),
  CONSTRAINT `user_browse_ibfk_1` FOREIGN KEY (`product_id`) REFERENCES `product` (`id`) ON DELETE CASCADE ON UPDATE CASCADE,
  CONSTRAINT `user_browse_ibfk_2` FOREIGN KEY (`user_id`) REFERENCES `user` (`user_id`) ON DELETE CASCADE ON UPDATE CASCADE
) ENGINE=InnoDB AUTO_INCREMENT=25 DEFAULT CHARSET=utf8mb4 COLLATE=utf8mb4_0900_ai_ci;
/*!40101 SET character_set_client = @saved_cs_client */;

--
-- Dumping data for table `user_browse`
--

LOCK TABLES `user_browse` WRITE;
/*!40000 ALTER TABLE `user_browse` DISABLE KEYS */;
INSERT INTO `user_browse` VALUES (1,2,15,'2023-04-09 20:26:32',3),(2,2,15,'2023-04-09 20:26:41',3),(3,2,15,'2023-04-09 20:26:43',3),(7,3,15,'2023-04-09 20:26:41',3),(8,3,15,'2023-04-09 20:26:43',3),(12,3,9,'2023-04-09 20:26:46',3),(13,3,17,'2023-04-09 20:26:48',3),(14,3,11,'2023-04-09 20:26:43',3),(15,3,11,'2023-04-09 20:26:46',3),(16,3,11,'2023-04-09 20:26:48',3),(17,3,11,'2023-04-09 20:26:43',3),(18,3,11,'2023-04-09 20:26:46',3),(19,3,11,'2023-04-09 20:26:48',3),(20,3,38,'2023-04-09 20:26:46',3),(21,3,38,'2023-04-09 20:26:48',3),(22,3,38,'2023-04-09 20:26:43',3),(23,3,38,'2023-04-09 20:26:46',3),(24,3,38,'2023-04-09 20:26:48',3);
/*!40000 ALTER TABLE `user_browse` ENABLE KEYS */;
UNLOCK TABLES;

--
-- Table structure for table `user_profile`
--

DROP TABLE IF EXISTS `user_profile`;
/*!40101 SET @saved_cs_client     = @@character_set_client */;
/*!50503 SET character_set_client = utf8mb4 */;
CREATE TABLE `user_profile` (
  `id` int NOT NULL AUTO_INCREMENT,
  `picture_address` char(200) DEFAULT NULL,
  `user_id` int DEFAULT NULL,
  `job` enum('Customer','Staff') DEFAULT NULL,
  `language` enum('en','ch') DEFAULT NULL,
  `user_name` char(100) DEFAULT NULL,
  `phone_number` char(30) DEFAULT NULL,
  `birthday` date DEFAULT NULL,
  `description` text,
  `gender` char(100) DEFAULT NULL,
  PRIMARY KEY (`id`),
  KEY `user_id` (`user_id`),
  CONSTRAINT `user_profile_ibfk_1` FOREIGN KEY (`user_id`) REFERENCES `user` (`user_id`) ON DELETE CASCADE ON UPDATE CASCADE
) ENGINE=InnoDB AUTO_INCREMENT=7 DEFAULT CHARSET=utf8mb4 COLLATE=utf8mb4_0900_ai_ci;
/*!40101 SET character_set_client = @saved_cs_client */;

--
-- Dumping data for table `user_profile`
--

LOCK TABLES `user_profile` WRITE;
/*!40000 ALTER TABLE `user_profile` DISABLE KEYS */;
INSERT INTO `user_profile` VALUES (1,'https://images.unsplash.com/photo-1494790108377-be9c29b29330?ixlib=rb-4.0.3&ixid=MnwxMjA3fDB8MHxzZWFyY2h8MjB8fGhhcHB5JTIwcGVvcGxlfGVufDB8fDB8fA%3D%3D&auto=format&fit=crop&w=500&q=60',2,'Customer','ch',NULL,'123456','2023-04-24',NULL,'male'),(2,'https://images.unsplash.com/photo-1544717305-2782549b5136?ixlib=rb-4.0.3&ixid=MnwxMjA3fDB8MHxzZWFyY2h8NDJ8fGhhcHB5JTIwcGVvcGxlfGVufDB8fDB8fA%3D%3D&auto=format&fit=crop&w=500&q=60',3,'Customer','ch',NULL,NULL,'2023-04-24',NULL,'female'),(3,'https://images.unsplash.com/photo-1525134479668-1bee5c7c6845?ixlib=rb-4.0.3&ixid=MnwxMjA3fDB8MHxzZWFyY2h8NTl8fGhhcHB5JTIwcGVvcGxlfGVufDB8fDB8fA%3D%3D&auto=format&fit=crop&w=500&q=60',4,'Customer','ch',NULL,NULL,'2023-04-24',NULL,'male'),(4,'https://images.unsplash.com/photo-1534614971-6be99a7a3ffd?ixlib=rb-4.0.3&ixid=MnwxMjA3fDB8MHxzZWFyY2h8Njh8fGhhcHB5JTIwcGVvcGxlfGVufDB8fDB8fA%3D%3D&auto=format&fit=crop&w=500&q=60',5,'Staff','ch',NULL,NULL,'2023-04-24',NULL,'female'),(6,'https://images.unsplash.com/photo-1534614971-6be99a7a3ffd?ixlib=rb-4.0.3&ixid=MnwxMjA3fDB8MHxzZWFyY2h8Njh8fGhhcHB5JTIwcGVvcGxlfGVufDB8fDB8fA%3D%3D&auto=format&fit=crop&w=500&q=60',7,'Customer','ch',NULL,NULL,'2023-04-24',NULL,'male');
/*!40000 ALTER TABLE `user_profile` ENABLE KEYS */;
UNLOCK TABLES;
/*!40103 SET TIME_ZONE=@OLD_TIME_ZONE */;

/*!40101 SET SQL_MODE=@OLD_SQL_MODE */;
/*!40014 SET FOREIGN_KEY_CHECKS=@OLD_FOREIGN_KEY_CHECKS */;
/*!40014 SET UNIQUE_CHECKS=@OLD_UNIQUE_CHECKS */;
/*!40101 SET CHARACTER_SET_CLIENT=@OLD_CHARACTER_SET_CLIENT */;
/*!40101 SET CHARACTER_SET_RESULTS=@OLD_CHARACTER_SET_RESULTS */;
/*!40101 SET COLLATION_CONNECTION=@OLD_COLLATION_CONNECTION */;
/*!40111 SET SQL_NOTES=@OLD_SQL_NOTES */;

-- Dump completed on 2023-05-17 10:15:18
